time_label,time,variable,value
1998Q1,1998.0,import,36982.4390131366
1998Q2,1998.25,import,35754.5080725246
1998Q3,1998.5,import,35104.5807816858
1998Q4,1998.75,import,33199.2202706389
1999Q1,1999.0,import,31018.0832344511
1999Q2,1999.25,import,35671.3182962035
1999Q3,1999.5,import,33826.1714189365
1999Q4,1999.75,import,35718.4785919739
2000Q1,2000.0,import,39451.3121392955
2000Q2,2000.25,import,42897.91299135
2000Q3,2000.5,import,41341.6006569467
2000Q4,2000.75,import,42118.6003564649
2001Q1,2001.0,import,35203.3317862734
2001Q2,2001.25,import,29678.0882276792
2001Q3,2001.5,import,30856.5137920429
2001Q4,2001.75,import,30227.0262084011
2002Q1,2002.0,import,36562.3984149888
2002Q2,2002.25,import,35806.1480088357
2002Q3,2002.5,import,38896.29388458
2002Q4,2002.75,import,41316.622556101
2003Q1,2003.0,import,42799.5512243831
2003Q2,2003.25,import,43664.4730156465
2003Q3,2003.5,import,49457.9650188195
2003Q4,2003.75,import,52133.6059845116
2004Q1,2004.0,import,55344.9136131163
2004Q2,2004.25,import,57405.964123308
2004Q3,2004.5,import,56625.4335191864
2004Q4,2004.75,import,58606.244937772
2005Q1,2005.0,import,60893.2475454095
2005Q2,2005.25,import,62280.9595697725
2005Q3,2005.5,import,64558.2583561542
2005Q4,2005.75,import,67931.9977011393
2006Q1,2006.0,import,68458.7861030885
2006Q2,2006.25,import,70114.0609363321
2006Q3,2006.5,import,66586.3332539031
2006Q4,2006.75,import,69013.2595496169
2007Q1,2007.0,import,73819.58375475
2007Q2,2007.25,import,72558.0834909797
2007Q3,2007.5,import,74746.6842942202
2007Q4,2007.75,import,79482.1205441672
2008Q1,2008.0,import,84994.5005498344
2008Q2,2008.25,import,74430.2597321626
2008Q3,2008.5,import,72107.8768094521
2008Q4,2008.75,import,60776.447723638
2009Q1,2009.0,import,56232.4062685004
2009Q2,2009.25,import,59704.2279345599
2009Q3,2009.5,import,66102.6785735119
2009Q4,2009.75,import,67412.288317802
2010Q1,2010.0,import,65813.497471463
2010Q2,2010.25,import,72679.3277405923
2010Q3,2010.5,import,76933.554053384
2010Q4,2010.75,import,82331.9385065608
2011Q1,2011.0,import,86368.4414479691
2011Q2,2011.25,import,87638.3153787185
2011Q3,2011.5,import,86198.7878922741
2011Q4,2011.75,import,82150.0830666453
2012Q1,2012.0,import,84258.4608190796
2012Q2,2012.25,import,86971.6190331075
2012Q3,2012.5,import,88249.6593209097
2012Q4,2012.75,import,84993.6237529788
2013Q1,2013.0,import,92543.656344503
2013Q2,2013.25,import,97823.2552531713
2013Q3,2013.5,import,96597.8078632259
2013Q4,2013.75,import,95127.69676368
2014Q1,2014.0,import,94933.048519085
2014Q2,2014.25,import,94889.0098239489
2014Q3,2014.5,import,95929.2123891579
2014Q4,2014.75,import,97484.8050310664
2015Q1,2015.0,import,96659.7484774273
2015Q2,2015.25,import,96263.0388289875
2015Q3,2015.5,import,95937.8762100097
2015Q4,2015.75,import,96913.9711827456
2016Q1,2016.0,import,98628.9944411671
2016Q2,2016.25,import,103230.810284797
2016Q3,2016.5,import,97219.5532331647
2016Q4,2016.75,import,98252.8179766961
2017Q1,2017.0,import,101981.69115383
2017Q2,2017.25,import,106529.260370827
2017Q3,2017.5,import,112673.449581712
2017Q4,2017.75,import,118404.35449702
2018Q1,2018.0,import,118323.052487011
2018Q2,2018.25,import,109267.935951482
2018Q3,2018.5,import,96639.5710374148
2018Q4,2018.75,import,88225.3318357131
2019Q1,2019.0,import,86925.5964676429
2019Q2,2019.25,import,92658.573086027
2019Q3,2019.5,import,100746.660991709
2019Q4,2019.75,import,111452.890500106
2020Q1,2020.0,import,106672.155525526
2020Q2,2020.25,import,85970.0883341554
2020Q3,2020.5,import,115279.620018227
2020Q4,2020.75,import,110402.566904651
2021Q1,2021.0,import,106013.952795114
2021Q2,2021.25,import,102963.088368838
2021Q3,2021.5,import,103920.095452307
2021Q4,2021.75,import,112340.596875809
2022Q1,2022.0,import,109456.35891448
2022Q2,2022.25,import,110701.659001333
2022Q3,2022.5,import,118112.160816522
2022Q4,2022.75,import,123401.459205458
2023Q1,2023.0,import,125495.889209268
2023Q2,2023.25,import,130913.271214508
2023Q3,2023.5,import,132524.061997599
2023Q4,2023.75,import,127174.636324645
2024Q1,2024.0,import,122130.357374445
2024Q2,2024.25,import,123094.161384336
2024Q3,2024.5,import,121680.663454436
2024Q4,2024.75,import,127966.231322965
2025Q1,2025.0,import,126551.170172973
1998Q1,1998.0,export,33834.8710579077
1998Q2,1998.25,export,34627.9280063547
1998Q3,1998.5,export,33404.9315962309
1998Q4,1998.75,export,34041.6017689581
1999Q1,1999.0,export,31684.7060179512
1999Q2,1999.25,export,30017.4765852001
1999Q3,1999.5,export,29190.7916798401
1999Q4,1999.75,export,30897.8574144086
2000Q1,2000.0,export,34189.6600449071
2000Q2,2000.25,export,36865.8478330529
2000Q3,2000.5,export,37017.8074008829
2000Q4,2000.75,export,36619.9231319609
2001Q1,2001.0,export,37989.3649450125
2001Q2,2001.25,export,38997.7497997333
2001Q3,2001.5,export,38233.2040369538
2001Q4,2001.75,export,36608.9430664398
2002Q1,2002.0,export,39073.0884769796
2002Q2,2002.25,export,39762.4787677662
2002Q3,2002.5,export,42054.9241958064
2002Q4,2002.75,export,43299.5478956826
2003Q1,2003.0,export,42059.7101428942
2003Q2,2003.25,export,41107.1954477532
2003Q3,2003.5,export,47625.6091248822
2003Q4,2003.75,export,46053.6936930528
2004Q1,2004.0,export,46879.3521305392
2004Q2,2004.25,export,48875.6257951879
2004Q3,2004.5,export,50436.5984980955
2004Q4,2004.75,export,52165.9536165695
2005Q1,2005.0,export,52792.3479511648
2005Q2,2005.25,export,51891.5304305016
2005Q3,2005.5,export,53946.8012999096
2005Q4,2005.75,export,56253.0896512296
2006Q1,2006.0,export,55823.7935947178
2006Q2,2006.25,export,55651.5518901686
2006Q3,2006.5,export,55660.551644976
2006Q4,2006.75,export,59998.507490871
2007Q1,2007.0,export,62654.7326601709
2007Q2,2007.25,export,60582.8748777714
2007Q3,2007.5,export,57863.6978778223
2007Q4,2007.75,export,61880.1339244346
2008Q1,2008.0,export,70849.8737451252
2008Q2,2008.25,export,63130.464434645
2008Q3,2008.5,export,60630.8317647545
2008Q4,2008.75,export,57806.6717070376
2009Q1,2009.0,export,60259.8327612542
2009Q2,2009.25,export,57782.9908795016
2009Q3,2009.5,export,63031.6552008921
2009Q4,2009.75,export,62213.6454451554
2010Q1,2010.0,export,57803.1395813762
2010Q2,2010.25,export,63707.9273984656
2010Q3,2010.5,export,61406.9138974185
2010Q4,2010.75,export,64558.3855077396
2011Q1,2011.0,export,63995.3540684344
2011Q2,2011.25,export,66425.3623141133
2011Q3,2011.5,export,76205.5492596491
2011Q4,2011.75,export,72826.6569881209
2012Q1,2012.0,export,73083.6329646717
2012Q2,2012.25,export,82319.4566225915
2012Q3,2012.5,export,82606.0791943713
2012Q4,2012.75,export,81958.1514297695
2013Q1,2013.0,export,80527.7289172794
2013Q2,2013.25,export,86766.9608880436
2013Q3,2013.5,export,83397.9107981261
2013Q4,2013.75,export,85057.5989805523
2014Q1,2014.0,export,90170.8238024475
2014Q2,2014.25,export,90339.8573337959
2014Q3,2014.5,export,89815.4486606317
2014Q4,2014.75,export,89188.2308985491
2015Q1,2015.0,export,92639.1353532876
2015Q2,2015.25,export,93672.6368147055
2015Q3,2015.5,export,93272.9783839085
2015Q4,2015.75,export,91573.555700705
2016Q1,2016.0,export,92194.9633928716
2016Q2,2016.25,export,91915.894790728
2016Q3,2016.5,export,85199.3810469953
2016Q4,2016.75,export,95382.9020746671
2017Q1,2017.0,export,103317.252183069
2017Q2,2017.25,export,101737.191811531
2017Q3,2017.5,export,99874.7931162561
2017Q4,2017.75,export,105019.738988307
2018Q1,2018.0,export,105356.642061266
2018Q2,2018.25,export,109457.346616821
2018Q3,2018.5,export,117016.716485205
2018Q4,2018.75,export,115385.120064603
2019Q1,2019.0,export,115501.111960472
2019Q2,2019.25,export,117671.630664654
2019Q3,2019.5,export,122849.400410946
2019Q4,2019.75,export,114800.061018598
2020Q1,2020.0,export,115772.572177994
2020Q2,2020.25,export,75031.9714156466
2020Q3,2020.5,export,97290.718347166
2020Q4,2020.75,export,113875.067682716
2021Q1,2021.0,export,118063.388789394
2021Q2,2021.25,export,121621.25840631
2021Q3,2021.5,export,124004.486513363
2021Q4,2021.75,export,139000.187055125
2022Q1,2022.0,export,137848.136719035
2022Q2,2022.25,export,143130.787458276
2022Q3,2022.5,export,137713.409639589
2022Q4,2022.75,export,133924.452426207
2023Q1,2023.0,export,132947.023758226
2023Q2,2023.25,export,131850.296717531
2023Q3,2023.5,export,138104.593976084
2023Q4,2023.75,export,134043.397809066
2024Q1,2024.0,export,138826.230992014
2024Q2,2024.25,export,133149.596330267
2024Q3,2024.5,export,137301.706012663
2024Q4,2024.75,export,132746.075568238
2025Q1,2025.0,export,137965.971422373
1998Q1,1998.0,deposit_rate,82.67
1998Q2,1998.25,deposit_rate,80.2233333333333
1998Q3,1998.5,deposit_rate,75.3233333333333
1998Q4,1998.75,deposit_rate,82.2133333333333
1999Q1,1999.0,deposit_rate,82.3
1999Q2,1999.25,deposit_rate,82.5333333333333
1999Q3,1999.5,deposit_rate,79.6333333333333
1999Q4,1999.75,deposit_rate,69.2633333333333
2000Q1,2000.0,deposit_rate,38.92
2000Q2,2000.25,deposit_rate,40.83
2000Q3,2000.5,deposit_rate,40.6933333333333
2000Q4,2000.75,deposit_rate,68.1866666666667
2001Q1,2001.0,deposit_rate,87.3633333333333
2001Q2,2001.25,deposit_rate,81.0466666666667
2001Q3,2001.5,deposit_rate,67.75
2001Q4,2001.75,deposit_rate,62.6366666666667
2002Q1,2002.0,deposit_rate,57.43
2002Q2,2002.25,deposit_rate,48.7066666666667
2002Q3,2002.5,deposit_rate,49.4766666666667
2002Q4,2002.75,deposit_rate,46.3533333333333
2003Q1,2003.0,deposit_rate,45.9366666666667
2003Q2,2003.25,deposit_rate,42.08
2003Q3,2003.5,deposit_rate,34.7433333333333
2003Q4,2003.75,deposit_rate,27.9533333333333
2004Q1,2004.0,deposit_rate,24.78
2004Q2,2004.25,deposit_rate,24.0966666666667
2004Q3,2004.5,deposit_rate,24.68
2004Q4,2004.75,deposit_rate,23.48
2005Q1,2005.0,deposit_rate,20.6733333333333
2005Q2,2005.25,deposit_rate,20.02
2005Q3,2005.5,deposit_rate,20.4766666666667
2005Q4,2005.75,deposit_rate,20.4166666666667
2006Q1,2006.0,deposit_rate,19.5866666666667
2006Q2,2006.25,deposit_rate,19.4166666666667
2006Q3,2006.5,deposit_rate,23.7966666666667
2006Q4,2006.75,deposit_rate,23.79
2007Q1,2007.0,deposit_rate,23.3766666666667
2007Q2,2007.25,deposit_rate,22.66
2007Q3,2007.5,deposit_rate,22.6466666666667
2007Q4,2007.75,deposit_rate,21.5533333333333
2008Q1,2008.0,deposit_rate,21.2066666666667
2008Q2,2008.25,deposit_rate,21.91
2008Q3,2008.5,deposit_rate,23.1433333333333
2008Q4,2008.75,deposit_rate,25.3933333333333
2009Q1,2009.0,deposit_rate,19.3333333333333
2009Q2,2009.25,deposit_rate,17.9866666666667
2009Q3,2009.5,deposit_rate,17.1133333333333
2009Q4,2009.75,deposit_rate,16.1633333333333
2010Q1,2010.0,deposit_rate,15.9066666666667
2010Q2,2010.25,deposit_rate,15.8933333333333
2010Q3,2010.5,deposit_rate,15.76
2010Q4,2010.75,deposit_rate,13.5166666666667
2011Q1,2011.0,deposit_rate,12.13
2011Q2,2011.25,deposit_rate,14.18
2011Q3,2011.5,deposit_rate,14.9733333333333
2011Q4,2011.75,deposit_rate,15.1366666666667
2012Q1,2012.0,deposit_rate,18.87
2012Q2,2012.25,deposit_rate,18.9333333333333
2012Q3,2012.5,deposit_rate,15.79
2012Q4,2012.75,deposit_rate,15.18
2013Q1,2013.0,deposit_rate,14.92
2013Q2,2013.25,deposit_rate,14.85
2013Q3,2013.5,deposit_rate,15.26
2013Q4,2013.75,deposit_rate,16.15
2014Q1,2014.0,deposit_rate,17.3
2014Q2,2014.25,deposit_rate,16.5133333333333
2014Q3,2014.5,deposit_rate,17.6233333333333
2014Q4,2014.75,deposit_rate,16.3033333333333
2015Q1,2015.0,deposit_rate,15.3333333333333
2015Q2,2015.25,deposit_rate,13.6666666666667
2015Q3,2015.5,deposit_rate,15.0
2015Q4,2015.75,deposit_rate,15.6666666666667
2016Q1,2016.0,deposit_rate,15.1833333333333
2016Q2,2016.25,deposit_rate,14.8
2016Q3,2016.5,deposit_rate,14.4166666666667
2016Q4,2016.75,deposit_rate,14.04
2017Q1,2017.0,deposit_rate,14.45
2017Q2,2017.25,deposit_rate,15.3333333333333
2017Q3,2017.5,deposit_rate,15.5166666666667
2017Q4,2017.75,deposit_rate,15.8533333333333
2018Q1,2018.0,deposit_rate,15.9666666666667
2018Q2,2018.25,deposit_rate,18.5
2018Q3,2018.5,deposit_rate,27.9166666666667
2018Q4,2018.75,deposit_rate,30.75
2019Q1,2019.0,deposit_rate,29.4033333333333
2019Q2,2019.25,deposit_rate,27.5933333333333
2019Q3,2019.5,deposit_rate,23.8066666666667
2019Q4,2019.75,deposit_rate,20.8333333333333
2020Q1,2020.0,deposit_rate,12.22
2020Q2,2020.25,deposit_rate,11.2666666666667
2020Q3,2020.5,deposit_rate,12.5233333333333
2020Q4,2020.75,deposit_rate,17.4166666666667
2021Q1,2021.0,deposit_rate,19.7166666666667
2021Q2,2021.25,deposit_rate,20.25
2021Q3,2021.5,deposit_rate,20.0
2021Q4,2021.75,deposit_rate,22.8333333333333
2022Q1,2022.0,deposit_rate,23.8966666666667
2022Q2,2022.25,deposit_rate,23.1
2022Q3,2022.5,deposit_rate,27.8333333333333
2022Q4,2022.75,deposit_rate,33.3333333333333
2023Q1,2023.0,deposit_rate,38.0
2023Q2,2023.25,deposit_rate,45.3333333333333
2023Q3,2023.5,deposit_rate,53.6333333333333
2023Q4,2023.75,deposit_rate,68.3333333333333
2024Q1,2024.0,deposit_rate,73.1733333333333
2024Q2,2024.25,deposit_rate,75.0
2024Q3,2024.5,deposit_rate,72.3333333333333
2024Q4,2024.75,deposit_rate,63.6666666666667
2025Q1,2025.0,deposit_rate,64.1666666666667
2025Q2,2025.25,deposit_rate,61.6666666666667
1998Q1,1998.0,policy_rate,80.6
1998Q2,1998.25,policy_rate,65.75
1998Q3,1998.5,policy_rate,78.85
1998Q4,1998.75,policy_rate,78.97
1999Q1,1999.0,policy_rate,76.32
1999Q2,1999.25,policy_rate,76.91
1999Q3,1999.5,policy_rate,67.51
1999Q4,1999.75,policy_rate,69.97
2000Q1,2000.0,policy_rate,39.2
2000Q2,2000.25,policy_rate,43.05
2000Q3,2000.5,policy_rate,47.44
2000Q4,2000.75,policy_rate,183.2
2001Q1,2001.0,policy_rate,81.19
2001Q2,2001.25,policy_rate,63.0
2001Q3,2001.5,policy_rate,59.03
2001Q4,2001.75,policy_rate,59.0
2002Q1,2002.0,policy_rate,54.73
2002Q2,2002.25,policy_rate,48.0
2002Q3,2002.5,policy_rate,46.0
2002Q4,2002.75,policy_rate,44.0
2003Q1,2003.0,policy_rate,44.0
2003Q2,2003.25,policy_rate,38.23
2003Q3,2003.5,policy_rate,30.66
2003Q4,2003.75,policy_rate,26.0
2004Q1,2004.0,policy_rate,22.0
2004Q2,2004.25,policy_rate,22.0
2004Q3,2004.5,policy_rate,20.0
2004Q4,2004.75,policy_rate,18.0
2005Q1,2005.0,policy_rate,15.5
2005Q2,2005.25,policy_rate,14.25
2005Q3,2005.5,policy_rate,14.25
2005Q4,2005.75,policy_rate,13.5
2006Q1,2006.0,policy_rate,13.5
2006Q2,2006.25,policy_rate,15.0
2006Q3,2006.5,policy_rate,17.5
2006Q4,2006.75,policy_rate,17.5
2007Q1,2007.0,policy_rate,17.5
2007Q2,2007.25,policy_rate,17.5
2007Q3,2007.5,policy_rate,17.36
2007Q4,2007.75,policy_rate,15.96
2008Q1,2008.0,policy_rate,15.25
2008Q2,2008.25,policy_rate,16.0
2008Q3,2008.5,policy_rate,16.75
2008Q4,2008.75,policy_rate,15.63
2009Q1,2009.0,policy_rate,11.03
2009Q2,2009.25,policy_rate,9.03
2009Q3,2009.5,policy_rate,7.58
2009Q4,2009.75,policy_rate,6.5
2010Q1,2010.0,policy_rate,6.5
2010Q2,2010.25,policy_rate,6.5
2010Q3,2010.5,policy_rate,6.375
2010Q4,2010.75,policy_rate,1.63044
2011Q1,2011.0,policy_rate,1.5
2011Q2,2011.25,policy_rate,1.5
2011Q3,2011.5,policy_rate,5.0
2011Q4,2011.75,policy_rate,5.0
2012Q1,2012.0,policy_rate,5.0
2012Q2,2012.25,policy_rate,5.0
2012Q3,2012.5,policy_rate,5.0
2012Q4,2012.75,policy_rate,5.0
2013Q1,2013.0,policy_rate,4.5
2013Q2,2013.25,policy_rate,3.5
2013Q3,2013.5,policy_rate,3.5
2013Q4,2013.75,policy_rate,3.5
2014Q1,2014.0,policy_rate,8.0
2014Q2,2014.25,policy_rate,8.0
2014Q3,2014.5,policy_rate,7.5
2014Q4,2014.75,policy_rate,7.5
2015Q1,2015.0,policy_rate,7.25
2015Q2,2015.25,policy_rate,7.25
2015Q3,2015.5,policy_rate,7.25
2015Q4,2015.75,policy_rate,7.25
2016Q1,2016.0,policy_rate,7.25
2016Q2,2016.25,policy_rate,7.25
2016Q3,2016.5,policy_rate,7.25
2016Q4,2016.75,policy_rate,7.25
2017Q1,2017.0,policy_rate,7.25
2017Q2,2017.25,policy_rate,7.25
2017Q3,2017.5,policy_rate,7.25
2017Q4,2017.75,policy_rate,7.25
2018Q1,2018.0,policy_rate,7.25
2018Q2,2018.25,policy_rate,16.25
2018Q3,2018.5,policy_rate,22.5
2018Q4,2018.75,policy_rate,22.5
2019Q1,2019.0,policy_rate,22.5
2019Q2,2019.25,policy_rate,22.5
2019Q3,2019.5,policy_rate,15.0
2019Q4,2019.75,policy_rate,10.5
2020Q1,2020.0,policy_rate,8.25
2020Q2,2020.25,policy_rate,6.75
2020Q3,2020.5,policy_rate,8.75
2020Q4,2020.75,policy_rate,15.5
2021Q1,2021.0,policy_rate,17.5
2021Q2,2021.25,policy_rate,17.5
2021Q3,2021.5,policy_rate,16.5
2021Q4,2021.75,policy_rate,12.5
2022Q1,2022.0,policy_rate,12.5
2022Q2,2022.25,policy_rate,12.5
2022Q3,2022.5,policy_rate,10.5
2022Q4,2022.75,policy_rate,7.5
2023Q1,2023.0,policy_rate,7.0
2023Q2,2023.25,policy_rate,16.0
2023Q3,2023.5,policy_rate,28.5
2023Q4,2023.75,policy_rate,41.0
2024Q1,2024.0,policy_rate,47.0
2024Q2,2024.25,policy_rate,47.0
2024Q3,2024.5,policy_rate,47.0
2024Q4,2024.75,policy_rate,46.0
2025Q1,2025.0,policy_rate,41.0
2025Q2,2025.25,policy_rate,44.5
2015Q1,2015.0,fiscal_balance,28244.329908601
2015Q2,2015.25,fiscal_balance,23307.392955694
2015Q3,2015.5,fiscal_balance,22940.566052318
2015Q4,2015.75,fiscal_balance,34095.6249982417
2016Q1,2016.0,fiscal_balance,7127.4592306054
2016Q2,2016.25,fiscal_balance,18477.8314452957
2016Q3,2016.5,fiscal_balance,18419.6518903954
2016Q4,2016.75,fiscal_balance,36136.4173379479
2017Q1,2017.0,fiscal_balance,-9657.800104413
2017Q2,2017.25,fiscal_balance,18482.8927733235
2017Q3,2017.5,fiscal_balance,15629.6449335812
2017Q4,2017.75,fiscal_balance,8016.0953021653
2018Q1,2018.0,fiscal_balance,3539.6102347802
2018Q2,2018.25,fiscal_balance,-10080.9215556374
2018Q3,2018.5,fiscal_balance,11176.3007565247
2018Q4,2018.75,fiscal_balance,19971.0830357959
2019Q1,2019.0,fiscal_balance,-65144.4928676072
2019Q2,2019.25,fiscal_balance,-46597.8328104576
2019Q3,2019.5,fiscal_balance,-12139.7660121944
2019Q4,2019.75,fiscal_balance,3150.1065317268
2020Q1,2020.0,fiscal_balance,-37998.5749135548
2020Q2,2020.25,fiscal_balance,-50758.2061157321
2020Q3,2020.5,fiscal_balance,10384.9429173469
2020Q4,2020.75,fiscal_balance,68647.1793635544
2021Q1,2021.0,fiscal_balance,55932.3691783714
2021Q2,2021.25,fiscal_balance,26224.0394054859
2021Q3,2021.5,fiscal_balance,44003.6924455079
2021Q4,2021.75,fiscal_balance,115966.470475193
2022Q1,2022.0,fiscal_balance,92833.739126108
2022Q2,2022.25,fiscal_balance,189757.692922308
2022Q3,2022.5,fiscal_balance,58473.197486135
2022Q4,2022.75,fiscal_balance,4043.227881231
2023Q1,2023.0,fiscal_balance,-107955.409326458
2023Q2,2023.25,fiscal_balance,67859.533680193
2023Q3,2023.5,fiscal_balance,384367.795204323
2023Q4,2023.75,fiscal_balance,-245525.997610929
2024Q1,2024.0,fiscal_balance,-42132.943084535
2024Q2,2024.25,fiscal_balance,156848.922186081
2024Q3,2024.5,fiscal_balance,544217.099384228
2024Q4,2024.75,fiscal_balance,275481.332360478
2025Q1,2025.0,fiscal_balance,411574.458849981
1998Q1,1998.0,real_gdp,192563.398648588
1998Q2,1998.25,real_gdp,191029.548449802
1998Q3,1998.5,real_gdp,188341.619628148
1998Q4,1998.75,real_gdp,187854.402176299
1999Q1,1999.0,real_gdp,184687.514682672
1999Q2,1999.25,real_gdp,183646.402226792
1999Q3,1999.5,real_gdp,180548.988847357
1999Q4,1999.75,real_gdp,185942.745978035
2000Q1,2000.0,real_gdp,188871.06787223
2000Q2,2000.25,real_gdp,196224.518050679
2000Q3,2000.5,real_gdp,199146.922016145
2000Q4,2000.75,real_gdp,202007.93323408
2001Q1,2001.0,real_gdp,191654.764818415
2001Q2,2001.25,real_gdp,182370.93381647
2001Q3,2001.5,real_gdp,184653.82722596
2001Q4,2001.75,real_gdp,181546.294861125
2002Q1,2002.0,real_gdp,188404.355999908
2002Q2,2002.25,real_gdp,196536.670731405
2002Q3,2002.5,real_gdp,199222.281498674
2002Q4,2002.75,real_gdp,203472.95841523
2003Q1,2003.0,real_gdp,203643.063228081
2003Q2,2003.25,real_gdp,204327.969790663
2003Q3,2003.5,real_gdp,210153.794218059
2003Q4,2003.75,real_gdp,216506.770898949
2004Q1,2004.0,real_gdp,222469.980073596
2004Q2,2004.25,real_gdp,227649.750602251
2004Q3,2004.5,real_gdp,230217.026334287
2004Q4,2004.75,real_gdp,233952.26230602
2005Q1,2005.0,real_gdp,244737.348391681
2005Q2,2005.25,real_gdp,245770.530276523
2005Q3,2005.5,real_gdp,249240.73953168
2005Q4,2005.75,real_gdp,257482.642647953
2006Q1,2006.0,real_gdp,260431.162050191
2006Q2,2006.25,real_gdp,268364.213222031
2006Q3,2006.5,real_gdp,266342.126156741
2006Q4,2006.75,real_gdp,272358.030396198
2007Q1,2007.0,real_gdp,277323.336538556
2007Q2,2007.25,real_gdp,277408.018649855
2007Q3,2007.5,real_gdp,279034.724287218
2007Q4,2007.75,real_gdp,288612.867635928
2008Q1,2008.0,real_gdp,294692.475051668
2008Q2,2008.25,real_gdp,284235.021973044
2008Q3,2008.5,real_gdp,279070.841438982
2008Q4,2008.75,real_gdp,271982.353920515
2009Q1,2009.0,real_gdp,256577.22015884
2009Q2,2009.25,real_gdp,266858.264589954
2009Q3,2009.5,real_gdp,273251.551097173
2009Q4,2009.75,real_gdp,278586.39742543
2010Q1,2010.0,real_gdp,277764.581386845
2010Q2,2010.25,real_gdp,288321.605760047
2010Q3,2010.5,real_gdp,296310.137694558
2010Q4,2010.75,real_gdp,305268.154313551
2011Q1,2011.0,real_gdp,312148.46555151
2011Q2,2011.25,real_gdp,320725.340225616
2011Q3,2011.5,real_gdp,329252.923956914
2011Q4,2011.75,real_gdp,333721.913174978
2012Q1,2012.0,real_gdp,330752.543291751
2012Q2,2012.25,real_gdp,336466.382339681
2012Q3,2012.5,real_gdp,342404.320395427
2012Q4,2012.75,real_gdp,347892.691316675
2013Q1,2013.0,real_gdp,358085.549290365
2013Q2,2013.25,real_gdp,368598.139482439
2013Q3,2013.5,real_gdp,374001.700298869
2013Q4,2013.75,real_gdp,374726.625824987
2014Q1,2014.0,real_gdp,385597.728744798
2014Q2,2014.25,real_gdp,379341.767098453
2014Q3,2014.5,real_gdp,388666.687323617
2014Q4,2014.75,real_gdp,393904.201754519
2015Q1,2015.0,real_gdp,401351.94443835
2015Q2,2015.25,real_gdp,407467.62263983
2015Q3,2015.5,real_gdp,413178.337954391
2015Q4,2015.75,real_gdp,417999.578983621
2016Q1,2016.0,real_gdp,419510.80629591
2016Q2,2016.25,real_gdp,425513.52943175
2016Q3,2016.5,real_gdp,413311.190872886
2016Q4,2016.75,real_gdp,436083.032372752
2017Q1,2017.0,real_gdp,442052.421504264
2017Q2,2017.25,real_gdp,452132.626073011
2017Q3,2017.5,real_gdp,458986.588457409
2017Q4,2017.75,real_gdp,467628.20954601
2018Q1,2018.0,real_gdp,473554.405932664
2018Q2,2018.25,real_gdp,476341.268068646
2018Q3,2018.5,real_gdp,471762.913238551
2018Q4,2018.75,real_gdp,455491.867289465
2019Q1,2019.0,real_gdp,462611.999406154
2019Q2,2019.25,real_gdp,473119.061801207
2019Q3,2019.5,real_gdp,475630.229142676
2019Q4,2019.75,real_gdp,481981.212938237
2020Q1,2020.0,real_gdp,482834.832174734
2020Q2,2020.25,real_gdp,431107.103241665
2020Q3,2020.5,real_gdp,501859.018872926
2020Q4,2020.75,real_gdp,509212.805952173
2021Q1,2021.0,real_gdp,519569.919766559
2021Q2,2021.25,real_gdp,528466.165651551
2021Q3,2021.5,real_gdp,547741.983870164
2021Q4,2021.75,real_gdp,556324.872206364
2022Q1,2022.0,real_gdp,557508.36391657
2022Q2,2022.25,real_gdp,565393.756875
2022Q3,2022.5,real_gdp,568459.359283443
2022Q4,2022.75,real_gdp,574988.360256255
2023Q1,2023.0,real_gdp,575570.007699246
2023Q2,2023.25,real_gdp,598581.74052599
2023Q3,2023.5,real_gdp,600013.210778511
2023Q4,2023.75,real_gdp,607015.253427337
2024Q1,2024.0,real_gdp,612936.137975047
2024Q2,2024.25,real_gdp,611735.042053022
2024Q3,2024.5,real_gdp,611324.850109664
2024Q4,2024.75,real_gdp,621643.40668962
2025Q1,2025.0,real_gdp,627785.992126431
1998Q1,1998.0,cpi_inflation_qoq,18.1583363410661
1998Q2,1998.25,cpi_inflation_qoq,12.6045988702087
1998Q3,1998.5,cpi_inflation_qoq,11.4803520713415
1998Q4,1998.75,cpi_inflation_qoq,16.5753980213178
1999Q1,1999.0,cpi_inflation_qoq,12.3565068418934
1999Q2,1999.25,cpi_inflation_qoq,12.1101974456246
1999Q3,1999.5,cpi_inflation_qoq,12.2822568612345
1999Q4,1999.75,cpi_inflation_qoq,17.4127423161631
2000Q1,2000.0,cpi_inflation_qoq,14.2275446750545
2000Q2,2000.25,cpi_inflation_qoq,7.34571674512625
2000Q3,2000.5,cpi_inflation_qoq,6.03455396560052
2000Q4,2000.75,cpi_inflation_qoq,9.45846714398076
2001Q1,2001.0,cpi_inflation_qoq,8.86197026012049
2001Q2,2001.25,cpi_inflation_qoq,20.531640566734
2001Q3,2001.5,cpi_inflation_qoq,10.4226330662625
2001Q4,2001.75,cpi_inflation_qoq,15.5725712353924
2002Q1,2002.0,cpi_inflation_qoq,10.7313423215914
2002Q2,2002.25,cpi_inflation_qoq,4.05560911862804
2002Q3,2002.5,cpi_inflation_qoq,4.72521737726032
2002Q4,2002.75,cpi_inflation_qoq,9.06873718556389
2003Q1,2003.0,cpi_inflation_qoq,6.45953698054948
2003Q2,2003.25,cpi_inflation_qoq,3.50373547315994
2003Q3,2003.5,cpi_inflation_qoq,0.738512949039288
2003Q4,2003.75,cpi_inflation_qoq,2.89258939826174
2004Q1,2004.0,cpi_inflation_qoq,2.0439744664389
2004Q2,2004.25,cpi_inflation_qoq,1.55756350309615
2004Q3,2004.5,cpi_inflation_qoq,1.36257582827811
2004Q4,2004.75,cpi_inflation_qoq,4.16167940336986
2005Q1,2005.0,cpi_inflation_qoq,1.30233654497772
2005Q2,2005.25,cpi_inflation_qoq,1.5473662778861
2005Q3,2005.5,cpi_inflation_qoq,0.70747286111189
2005Q4,2005.75,cpi_inflation_qoq,3.87940841865759
2006Q1,2006.0,cpi_inflation_qoq,1.73858284963306
2006Q2,2006.25,cpi_inflation_qoq,2.98178099518291
2006Q3,2006.5,cpi_inflation_qoq,1.83186557608379
2006Q4,2006.75,cpi_inflation_qoq,2.9408745637446
2007Q1,2007.0,cpi_inflation_qoq,2.19125492346812
2007Q2,2007.25,cpi_inflation_qoq,2.22477008269706
2007Q3,2007.5,cpi_inflation_qoq,-0.369884262021197
2007Q4,2007.75,cpi_inflation_qoq,3.92574850299399
2008Q1,2008.0,cpi_inflation_qoq,2.80255364262829
2008Q2,2008.25,cpi_inflation_qoq,3.65878264768524
2008Q3,2008.5,cpi_inflation_qoq,0.815364318619311
2008Q4,2008.75,cpi_inflation_qoq,3.25438709400612
2009Q1,2009.0,cpi_inflation_qoq,0.427998587189084
2009Q2,2009.25,cpi_inflation_qoq,1.10474377805821
2009Q3,2009.5,cpi_inflation_qoq,0.468580548791755
2009Q4,2009.75,cpi_inflation_qoq,3.62525458248471
2010Q1,2010.0,cpi_inflation_qoq,3.82861635220124
2010Q2,2010.25,cpi_inflation_qoq,1.03732868933143
2010Q3,2010.5,cpi_inflation_qoq,-0.299760191846501
2010Q4,2010.75,cpi_inflation_qoq,2.71346963319297
2011Q1,2011.0,cpi_inflation_qoq,0.847054518843753
2011Q2,2011.25,cpi_inflation_qoq,2.53251818660097
2011Q3,2011.5,cpi_inflation_qoq,0.15569985314673
2011Q4,2011.75,cpi_inflation_qoq,5.43925662903879
2012Q1,2012.0,cpi_inflation_qoq,2.04403042589551
2012Q2,2012.25,cpi_inflation_qoq,1.53679440449215
2012Q3,2012.5,cpi_inflation_qoq,-0.185957763332387
2012Q4,2012.75,cpi_inflation_qoq,3.24007322565488
2013Q1,2013.0,cpi_inflation_qoq,2.46206474492759
2013Q2,2013.25,cpi_inflation_qoq,1.31861063464834
2013Q3,2013.5,cpi_inflation_qoq,1.05657753525705
2013Q4,2013.75,cpi_inflation_qoq,2.44555462486546
2014Q1,2014.0,cpi_inflation_qoq,2.97119329546947
2014Q2,2014.25,cpi_inflation_qoq,2.62314607378835
2014Q3,2014.5,cpi_inflation_qoq,0.90499613131429
2014Q4,2014.75,cpi_inflation_qoq,1.99915104544642
2015Q1,2015.0,cpi_inflation_qoq,1.74651971379098
2015Q2,2015.25,cpi_inflation_qoq,2.88025121384843
2015Q3,2015.5,cpi_inflation_qoq,0.497595383135602
2015Q4,2015.75,cpi_inflation_qoq,2.81893240432345
2016Q1,2016.0,cpi_inflation_qoq,2.15583577421439
2016Q2,2016.25,cpi_inflation_qoq,1.29754947818582
2016Q3,2016.5,cpi_inflation_qoq,1.53999304364516
2016Q4,2016.75,cpi_inflation_qoq,2.37063110523145
2017Q1,2017.0,cpi_inflation_qoq,4.66954354548391
2017Q2,2017.25,cpi_inflation_qoq,2.47698837017029
2017Q3,2017.5,cpi_inflation_qoq,0.683074804758964
2017Q4,2017.75,cpi_inflation_qoq,3.95525497612103
2018Q1,2018.0,cpi_inflation_qoq,2.81708958982107
2018Q2,2018.25,cpi_inflation_qoq,4.81407437025191
2018Q3,2018.5,cpi_inflation_qoq,6.61383230334933
2018Q4,2018.75,cpi_inflation_qoq,6.50499592990494
2019Q1,2019.0,cpi_inflation_qoq,0.752542771473914
2019Q2,2019.25,cpi_inflation_qoq,3.10022591051944
2019Q3,2019.5,cpi_inflation_qoq,2.61485470334251
2019Q4,2019.75,cpi_inflation_qoq,3.48430408472015
2020Q1,2020.0,cpi_inflation_qoq,2.41445474896067
2020Q2,2020.25,cpi_inflation_qoq,2.66458495966693
2020Q3,2020.5,cpi_inflation_qoq,2.7149157427456
2020Q4,2020.75,cpi_inflation_qoq,5.10370986618536
2021Q1,2021.0,cpi_inflation_qoq,4.29442502867647
2021Q2,2021.25,cpi_inflation_qoq,3.99153583442138
2021Q3,2021.5,cpi_inflation_qoq,4.62442403438782
2021Q4,2021.75,cpi_inflation_qoq,10.9061136661898
2022Q1,2022.0,cpi_inflation_qoq,28.2867209278774
2022Q2,2022.25,cpi_inflation_qoq,16.9374272893468
2022Q3,2022.5,cpi_inflation_qoq,8.85146298566329
2022Q4,2022.75,cpi_inflation_qoq,8.62196718207845
2023Q1,2023.0,cpi_inflation_qoq,11.6251115632071
2023Q2,2023.25,cpi_inflation_qoq,6.39833519986215
2023Q3,2023.5,cpi_inflation_qoq,21.0756965055171
2023Q4,2023.75,cpi_inflation_qoq,13.1614418654223
2024Q1,2024.0,cpi_inflation_qoq,14.4484108003893
2024Q2,2024.25,cpi_inflation_qoq,9.86337752950035
2024Q3,2024.5,cpi_inflation_qoq,8.29769234384547
2024Q4,2024.75,cpi_inflation_qoq,7.69081588369323
2025Q1,2025.0,cpi_inflation_qoq,9.03447937143998
2025Q2,2025.25,cpi_inflation_qoq,7.01136162825752
1998Q1,1998.0,ppi_index,7.10535228173947
1998Q2,1998.25,ppi_index,7.90474495058875
1998Q3,1998.5,ppi_index,8.55928485726656
1998Q4,1998.75,ppi_index,9.58730707237902
1999Q1,1999.0,ppi_index,10.5734408954456
1999Q2,1999.25,ppi_index,11.8660355996735
1999Q3,1999.5,ppi_index,13.1437666809174
1999Q4,1999.75,ppi_index,15.1671111405775
2000Q1,2000.0,ppi_index,17.6204196760115
2000Q2,2000.25,ppi_index,18.8805846573652
2000Q3,2000.5,ppi_index,19.4897229520191
2000Q4,2000.75,ppi_index,20.8628514680513
2001Q1,2001.0,ppi_index,22.9153826782982
2001Q2,2001.25,ppi_index,29.6083369841539
2001Q3,2001.5,ppi_index,33.1237189437183
2001Q4,2001.75,ppi_index,38.5689396619888
2002Q1,2002.0,ppi_index,42.7931813140453
2002Q2,2002.25,ppi_index,44.7689621801566
2002Q3,2002.5,ppi_index,47.5314340736581
2002Q4,2002.75,ppi_index,51.3643570696991
2003Q1,2003.0,ppi_index,57.2335964145499
2003Q2,2003.25,ppi_index,57.4089881395448
2003Q3,2003.5,ppi_index,57.5265584167392
2003Q4,2003.75,ppi_index,59.1205029944403
2004Q1,2004.0,ppi_index,62.1773302014945
2004Q2,2004.25,ppi_index,65.9974005195157
2004Q3,2004.5,ppi_index,67.4159533722218
2004Q4,2004.75,ppi_index,69.3838099790329
2005Q1,2005.0,ppi_index,68.9385848309689
2005Q2,2005.25,ppi_index,70.3609924468618
2005Q3,2005.5,ppi_index,70.3282269597748
2005Q4,2005.75,ppi_index,70.9604081223938
2006Q1,2006.0,ppi_index,71.5986808508608
2006Q2,2006.25,ppi_index,75.5294016580044
2006Q3,2006.5,ppi_index,78.4426022173542
2006Q4,2006.75,ppi_index,78.293696815238
2007Q1,2007.0,ppi_index,78.8606827694498
2007Q2,2007.25,ppi_index,80.4356437533707
2007Q3,2007.5,ppi_index,81.2679867703279
2007Q4,2007.75,ppi_index,82.4687752053418
2008Q1,2008.0,ppi_index,85.4678827274506
2008Q2,2008.25,ppi_index,93.3369605162054
2008Q3,2008.5,ppi_index,93.598499491717
2008Q4,2008.75,ppi_index,91.7104553546288
2009Q1,2009.0,ppi_index,90.5020307451476
2009Q2,2009.25,ppi_index,91.8746331056801
2009Q3,2009.5,ppi_index,92.2278061748017
2009Q4,2009.75,ppi_index,94.0051257821112
2010Q1,2010.0,ppi_index,97.0538684382592
2010Q2,2010.25,ppi_index,100.220971798653
2010Q3,2010.5,ppi_index,100.276334063543
2010Q4,2010.75,ppi_index,102.448825699545
2011Q1,2011.0,ppi_index,107.320461880955
2011Q2,2011.25,ppi_index,109.581280489956
2011Q3,2011.5,ppi_index,111.473969214626
2011Q4,2011.75,ppi_index,115.966695708727
2012Q1,2012.0,ppi_index,117.502818838627
2012Q2,2012.25,ppi_index,117.672428418842
2012Q3,2012.5,ppi_index,116.934241268589
2012Q4,2012.75,ppi_index,119.301065865224
2013Q1,2013.0,ppi_index,119.861933908889
2013Q2,2013.25,ppi_index,121.232302221761
2013Q3,2013.5,ppi_index,124.425973521943
2013Q4,2013.75,ppi_index,127.018301765
2014Q1,2014.0,ppi_index,134.020479093643
2014Q2,2014.25,ppi_index,134.961041311198
2014Q3,2014.5,ppi_index,136.528002546592
2014Q4,2014.75,ppi_index,137.510967159201
2015Q1,2015.0,ppi_index,138.393707928956
2015Q2,2015.25,ppi_index,143.079172582391
2015Q3,2015.5,ppi_index,145.068230386729
2015Q4,2015.75,ppi_index,145.16652684799
2016Q1,2016.0,ppi_index,144.939095819975
2016Q2,2016.25,ppi_index,147.627793142699
2016Q3,2016.5,ppi_index,149.293050839354
2016Q4,2016.75,ppi_index,154.419885877667
2017Q1,2017.0,ppi_index,166.749345930332
2017Q2,2017.25,ppi_index,170.500030510992
2017Q3,2017.5,ppi_index,173.21956593921
2017Q4,2017.75,ppi_index,180.158139675273
2018Q1,2018.0,ppi_index,189.07227954452
2018Q2,2018.25,ppi_index,204.751528806428
2018Q3,2018.5,ppi_index,232.916356030062
2018Q4,2018.75,ppi_index,250.41890827928
2019Q1,2019.0,ppi_index,247.109594083497
2019Q2,2019.25,ppi_index,261.88297399653
2019Q3,2019.5,ppi_index,260.801712922661
2019Q4,2019.75,ppi_index,261.42232979572
2020Q1,2020.0,ppi_index,269.014285891928
1998Q1,1998.0,electricity_prod_growth,3.25765054294175
1998Q2,1998.25,electricity_prod_growth,-10.4206500956023
1998Q3,1998.5,electricity_prod_growth,12.059765208111
1998Q4,1998.75,electricity_prod_growth,0.952380952380943
1999Q1,1999.0,electricity_prod_growth,0.471698113207551
1999Q2,1999.25,electricity_prod_growth,-4.88262910798121
1999Q3,1999.5,electricity_prod_growth,6.61401776900296
1999Q4,1999.75,electricity_prod_growth,5.27777777777777
2000Q1,2000.0,electricity_prod_growth,4.48548812664907
2000Q2,2000.25,electricity_prod_growth,-10.1851851851852
2000Q3,2000.5,electricity_prod_growth,10.4029990627929
2000Q4,2000.75,electricity_prod_growth,-0.169779286926993
2001Q1,2001.0,electricity_prod_growth,-2.38095238095237
2001Q2,2001.25,electricity_prod_growth,-9.23344947735194
2001Q3,2001.5,electricity_prod_growth,11.2284069097889
2001Q4,2001.75,electricity_prod_growth,1.46678170836929
2002Q1,2002.0,electricity_prod_growth,1.10544217687073
2002Q2,2002.25,electricity_prod_growth,-5.04625735912531
2002Q3,2002.5,electricity_prod_growth,8.23737821080603
2002Q4,2002.75,electricity_prod_growth,0.736497545008184
2003Q1,2003.0,electricity_prod_growth,4.22420796100732
2003Q2,2003.25,electricity_prod_growth,-5.61184723304753
2003Q3,2003.5,electricity_prod_growth,10.9826589595376
2003Q4,2003.75,electricity_prod_growth,-0.669642857142857
2004Q1,2004.0,electricity_prod_growth,2.39700374531836
2004Q2,2004.25,electricity_prod_growth,-4.02340892465254
2004Q3,2004.5,electricity_prod_growth,9.60365853658537
2004Q4,2004.75,electricity_prod_growth,-1.9471488178025
2005Q1,2005.0,electricity_prod_growth,2.48226950354611
2005Q2,2005.25,electricity_prod_growth,-3.18339100346022
2005Q3,2005.5,electricity_prod_growth,10.8649035025018
2005Q4,2005.75,electricity_prod_growth,-1.28949065119278
2006Q1,2006.0,electricity_prod_growth,1.4369693011104
2006Q2,2006.25,electricity_prod_growth,-1.60978750804895
2006Q3,2006.5,electricity_prod_growth,11.0602094240838
2006Q4,2006.75,electricity_prod_growth,-2.41602828520921
2007Q1,2007.0,electricity_prod_growth,2.17391304347826
2007Q2,2007.25,electricity_prod_growth,-0.709219858156021
2007Q3,2007.5,electricity_prod_growth,11.3095238095238
2007Q4,2007.75,electricity_prod_growth,-6.31016042780748
2008Q1,2008.0,electricity_prod_growth,6.44977168949772
2008Q2,2008.25,electricity_prod_growth,-4.98659517426273
2008Q3,2008.5,electricity_prod_growth,9.0293453724605
2008Q4,2008.75,electricity_prod_growth,-12.2153209109731
2009Q1,2009.0,electricity_prod_growth,3.24292452830189
2009Q2,2009.25,electricity_prod_growth,-3.54083380925185
2009Q3,2009.5,electricity_prod_growth,10.3019538188277
2009Q4,2009.75,electricity_prod_growth,-3.5426731078905
2010Q1,2010.0,electricity_prod_growth,2.39287701725098
2010Q2,2010.25,electricity_prod_growth,-0.108695652173901
2010Q3,2010.5,electricity_prod_growth,13.8193688792165
2010Q4,2010.75,electricity_prod_growth,-8.17399617590825
2011Q1,2011.0,electricity_prod_growth,7.28787090057267
2011Q2,2011.25,electricity_prod_growth,-5.53129548762743
2011Q3,2011.5,electricity_prod_growth,12.9943502824859
2011Q4,2011.75,electricity_prod_growth,-2.36363636363637
2012Q1,2012.0,electricity_prod_growth,5.54003724394785
2012Q2,2012.25,electricity_prod_growth,-8.29289810322008
2012Q3,2012.5,electricity_prod_growth,11.7364117364117
2012Q4,2012.75,electricity_prod_growth,-10.5897546276367
2013Q1,2013.0,electricity_prod_growth,3.659123736158
2013Q2,2013.25,electricity_prod_growth,-2.4152345564329
2013Q3,2013.5,electricity_prod_growth,10.1380295097572
2013Q4,2013.75,electricity_prod_growth,-5.61797752808987
2014Q1,2014.0,electricity_prod_growth,2.56410256410255
2014Q2,2014.25,electricity_prod_growth,-1.74107142857146
2014Q3,2014.5,electricity_prod_growth,12.4943207632894
2014Q4,2014.75,electricity_prod_growth,-9.53150242326332
2015Q1,2015.0,electricity_prod_growth,3.16964285714282
2015Q2,2015.25,electricity_prod_growth,-2.16356555603629
2015Q3,2015.5,electricity_prod_growth,12.2069880583812
2015Q4,2015.75,electricity_prod_growth,-5.83366180528181
2016Q1,2016.0,electricity_prod_growth,1.6743407283382
2016Q2,2016.25,electricity_prod_growth,-0.288184438040355
2016Q3,2016.5,electricity_prod_growth,8.25763831544178
2016Q4,2016.75,electricity_prod_growth,-2.25019069412664
2017Q1,2017.0,electricity_prod_growth,3.31642606320724
2017Q2,2017.25,electricity_prod_growth,-4.7960725075529
2017Q3,2017.5,electricity_prod_growth,17.4137247124157
2017Q4,2017.75,electricity_prod_growth,-7.2972972972973
2018Q1,2018.0,electricity_prod_growth,-0.874635568513096
2018Q2,2018.25,electricity_prod_growth,-4.30147058823529
2018Q3,2018.5,electricity_prod_growth,15.1363810987322
2018Q4,2018.75,electricity_prod_growth,-10.5772439105772
2019Q1,2019.0,electricity_prod_growth,0.74626865671641
2019Q2,2019.25,electricity_prod_growth,-1.88888888888887
2019Q3,2019.5,electricity_prod_growth,12.1177802944507
2019Q4,2019.75,electricity_prod_growth,-9.7306397306397
2020Q1,2020.0,electricity_prod_growth,3.54345393509886
2020Q2,2020.25,electricity_prod_growth,-15.4538904899136
2020Q3,2020.5,electricity_prod_growth,31.6574350234342
2020Q4,2020.75,electricity_prod_growth,-8.05825242718445
2021Q1,2021.0,electricity_prod_growth,1.12636395635341
2021Q2,2021.25,electricity_prod_growth,-1.28785241907417
2021Q3,2021.5,electricity_prod_growth,16.8547249647391
2021Q4,2021.75,electricity_prod_growth,-10.1991550995776
2022Q1,2022.0,electricity_prod_growth,0.571236559139756
2022Q2,2022.25,electricity_prod_growth,-5.04510524557301
2022Q3,2022.5,electricity_prod_growth,11.576354679803
2022Q4,2022.75,electricity_prod_growth,-12.7719962157048
2023Q1,2023.0,electricity_prod_growth,1.51843817787416
2023Q2,2023.25,electricity_prod_growth,-3.73931623931622
2023Q3,2023.5,electricity_prod_growth,23.6034036256012
2023Q4,2023.75,electricity_prod_growth,-14.7859922178989
2024Q1,2024.0,electricity_prod_growth,6.00632244467861
2024Q2,2024.25,electricity_prod_growth,-4.7713717693837
2024Q3,2024.5,electricity_prod_growth,21.1899791231733
2024Q4,2024.75,electricity_prod_growth,-10.077519379845
2025Q1,2025.0,electricity_prod_growth,1.21328224776506
1998Q1,1998.0,manufacturing_prod_growth,-11.4688128772636
1998Q2,1998.25,manufacturing_prod_growth,4.20454545454547
1998Q3,1998.5,manufacturing_prod_growth,3.27153762268267
1998Q4,1998.75,manufacturing_prod_growth,-2.53431890179515
1999Q1,1999.0,manufacturing_prod_growth,-13.97616468039
1999Q2,1999.25,manufacturing_prod_growth,15.9949622166247
1999Q3,1999.5,manufacturing_prod_growth,-4.12595005428882
1999Q4,1999.75,manufacturing_prod_growth,3.39750849377123
2000Q1,2000.0,manufacturing_prod_growth,-10.8433734939759
2000Q2,2000.25,manufacturing_prod_growth,18.6732186732187
2000Q3,2000.5,manufacturing_prod_growth,1.75983436853003
2000Q4,2000.75,manufacturing_prod_growth,-1.01729399796543
2001Q1,2001.0,manufacturing_prod_growth,-16.7523124357657
2001Q2,2001.25,manufacturing_prod_growth,4.44444444444443
2001Q3,2001.5,manufacturing_prod_growth,3.90070921985817
2001Q4,2001.75,manufacturing_prod_growth,-3.41296928327646
2002Q1,2002.0,manufacturing_prod_growth,-1.41342756183745
2002Q2,2002.25,manufacturing_prod_growth,14.8148148148148
2002Q3,2002.5,manufacturing_prod_growth,1.97710718002083
2002Q4,2002.75,manufacturing_prod_growth,-0.612244897959182
2003Q1,2003.0,manufacturing_prod_growth,-4.82546201232034
2003Q2,2003.25,manufacturing_prod_growth,9.06148867313916
2003Q3,2003.5,manufacturing_prod_growth,7.12166172106825
2003Q4,2003.75,manufacturing_prod_growth,-0.18467220683288
2004Q1,2004.0,manufacturing_prod_growth,-4.07030527289544
2004Q2,2004.25,manufacturing_prod_growth,14.2719382835101
2004Q3,2004.5,manufacturing_prod_growth,-0.675105485232074
2004Q4,2004.75,manufacturing_prod_growth,-4.33305012744265
2005Q1,2005.0,manufacturing_prod_growth,2.57548845470693
2005Q2,2005.25,manufacturing_prod_growth,12.3809523809524
2005Q3,2005.5,manufacturing_prod_growth,3.00462249614792
2005Q4,2005.75,manufacturing_prod_growth,7.10545998504112
2006Q1,2006.0,manufacturing_prod_growth,-12.9189944134078
2006Q2,2006.25,manufacturing_prod_growth,16.0384923817161
2006Q3,2006.5,manufacturing_prod_growth,-1.93503800967518
2006Q4,2006.75,manufacturing_prod_growth,4.43974630021142
2007Q1,2007.0,manufacturing_prod_growth,-6.34278002699054
2007Q2,2007.25,manufacturing_prod_growth,10.014409221902
2007Q3,2007.5,manufacturing_prod_growth,-2.09561231172233
2007Q4,2007.75,manufacturing_prod_growth,4.48160535117053
2008Q1,2008.0,manufacturing_prod_growth,-4.80153649167733
2008Q2,2008.25,manufacturing_prod_growth,6.59045057162073
2008Q3,2008.5,manufacturing_prod_growth,-7.50788643533124
2008Q4,2008.75,manufacturing_prod_growth,-8.25375170532062
2009Q1,2009.0,manufacturing_prod_growth,-17.1747211895911
2009Q2,2009.25,manufacturing_prod_growth,18.132854578097
2009Q3,2009.5,manufacturing_prod_growth,0.759878419452878
2009Q4,2009.75,manufacturing_prod_growth,10.1809954751131
2010Q1,2010.0,manufacturing_prod_growth,-10.8829568788501
2010Q2,2010.25,manufacturing_prod_growth,14.6697388632873
2010Q3,2010.5,manufacturing_prod_growth,-0.401875418620247
2010Q4,2010.75,manufacturing_prod_growth,13.4498991257565
2011Q1,2011.0,manufacturing_prod_growth,-6.99466508595138
2011Q2,2011.25,manufacturing_prod_growth,10.4525175270873
2011Q3,2011.5,manufacturing_prod_growth,-0.403923831506035
2011Q4,2011.75,manufacturing_prod_growth,9.96523754345303
2012Q1,2012.0,manufacturing_prod_growth,-12.3814541622761
2012Q2,2012.25,manufacturing_prod_growth,10.7636800962117
2012Q3,2012.5,manufacturing_prod_growth,-3.58306188925082
2012Q4,2012.75,manufacturing_prod_growth,10.0788288288289
2013Q1,2013.0,manufacturing_prod_growth,-10.5370843989769
2013Q2,2013.25,manufacturing_prod_growth,12.9788450543167
2013Q3,2013.5,manufacturing_prod_growth,-2.22672064777331
2013Q4,2013.75,manufacturing_prod_growth,9.78260869565222
2014Q1,2014.0,manufacturing_prod_growth,-8.86374351720886
2014Q2,2014.25,manufacturing_prod_growth,7.55302638385926
2014Q3,2014.5,manufacturing_prod_growth,-1.53920153920154
2014Q4,2014.75,manufacturing_prod_growth,8.84220810942845
2015Q1,2015.0,manufacturing_prod_growth,-10.8168761220826
2015Q2,2015.25,manufacturing_prod_growth,12.732762959235
2015Q3,2015.5,manufacturing_prod_growth,-4.82142857142854
2015Q4,2015.75,manufacturing_prod_growth,15.9474671669794
2016Q1,2016.0,manufacturing_prod_growth,-12.4190938511327
2016Q2,2016.25,manufacturing_prod_growth,8.40646651270207
2016Q3,2016.5,manufacturing_prod_growth,-11.8449083936941
2016Q4,2016.75,manufacturing_prod_growth,23.2962783953601
2017Q1,2017.0,manufacturing_prod_growth,-11.7992943943552
2017Q2,2017.25,manufacturing_prod_growth,7.95555555555557
2017Q3,2017.5,manufacturing_prod_growth,0.741045697818006
2017Q4,2017.75,manufacturing_prod_growth,15.6109521863506
2018Q1,2018.0,manufacturing_prod_growth,-12.6193001060445
2018Q2,2018.25,manufacturing_prod_growth,2.50809061488673
2018Q3,2018.5,manufacturing_prod_growth,-3.7095501183899
2018Q4,2018.75,manufacturing_prod_growth,6.88524590163931
2019Q1,2019.0,manufacturing_prod_growth,-10.9662576687116
2019Q2,2019.25,manufacturing_prod_growth,4.90956072351419
2019Q3,2019.5,manufacturing_prod_growth,1.14942528735632
2019Q4,2019.75,manufacturing_prod_growth,11.8912337662338
2020Q1,2020.0,manufacturing_prod_growth,-10.6637649619151
2020Q2,2020.25,manufacturing_prod_growth,-18.1892001624036
2020Q3,2020.5,manufacturing_prod_growth,33.5980148883375
2020Q4,2020.75,manufacturing_prod_growth,13.5586924219911
2021Q1,2021.0,manufacturing_prod_growth,-9.51913640824341
2021Q2,2021.25,manufacturing_prod_growth,4.48300795372379
2021Q3,2021.5,manufacturing_prod_growth,1.1764705882353
2021Q4,2021.75,manufacturing_prod_growth,16.9972640218878
2022Q1,2022.0,manufacturing_prod_growth,-11.4586378251973
2022Q2,2022.25,manufacturing_prod_growth,5.64542753383955
2022Q3,2022.5,manufacturing_prod_growth,-5.40625
2022Q4,2022.75,manufacturing_prod_growth,14.8331681532871
2023Q1,2023.0,manufacturing_prod_growth,-12.4280782508631
2023Q2,2023.25,manufacturing_prod_growth,2.46386333771353
2023Q3,2023.5,manufacturing_prod_growth,5.19397242705996
2023Q4,2023.75,manufacturing_prod_growth,8.41206949100883
2024Q1,2024.0,manufacturing_prod_growth,-10.4020241776779
2024Q2,2024.25,manufacturing_prod_growth,-6.52651396297457
2024Q3,2024.5,manufacturing_prod_growth,6.47868412218864
2024Q4,2024.75,manufacturing_prod_growth,14.1551071878941
2025Q1,2025.0,manufacturing_prod_growth,-14.4159072079536
1998Q1,1998.0,mining_prod_growth,-8.54794520547946
1998Q2,1998.25,mining_prod_growth,10.1258238466148
1998Q3,1998.5,mining_prod_growth,22.5788900979326
1998Q4,1998.75,mining_prod_growth,-14.9578339991123
1999Q1,1999.0,mining_prod_growth,-20.1461377870564
1999Q2,1999.25,mining_prod_growth,11.0457516339869
1999Q3,1999.5,mining_prod_growth,15.2442613301943
1999Q4,1999.75,mining_prod_growth,-11.6956077630235
2000Q1,2000.0,mining_prod_growth,-14.8640832851359
2000Q2,2000.25,mining_prod_growth,11.4130434782609
2000Q3,2000.5,mining_prod_growth,12.8048780487805
2000Q4,2000.75,mining_prod_growth,-4.81081081081081
2001Q1,2001.0,mining_prod_growth,-18.0579216354344
2001Q2,2001.25,mining_prod_growth,9.77130977130978
2001Q3,2001.5,mining_prod_growth,6.50252525252524
2001Q4,2001.75,mining_prod_growth,-13.040901007706
2002Q1,2002.0,mining_prod_growth,-3.06748466257669
2002Q2,2002.25,mining_prod_growth,-2.46132208157525
2002Q3,2002.5,mining_prod_growth,7.858687815429
2002Q4,2002.75,mining_prod_growth,-8.75668449197862
2003Q1,2003.0,mining_prod_growth,-9.52380952380951
2003Q2,2003.25,mining_prod_growth,-4.21052631578949
2003Q3,2003.5,mining_prod_growth,39.475908706678
2003Q4,2003.75,mining_prod_growth,-14.3030303030303
2004Q1,2004.0,mining_prod_growth,-21.2164073550212
2004Q2,2004.25,mining_prod_growth,16.9658886894075
2004Q3,2004.5,mining_prod_growth,35.3031465848043
2004Q4,2004.75,mining_prod_growth,-13.6698808848554
2005Q1,2005.0,mining_prod_growth,-9.7897503285151
2005Q2,2005.25,mining_prod_growth,9.54115076474871
2005Q3,2005.5,mining_prod_growth,15.8909574468085
2005Q4,2005.75,mining_prod_growth,-6.36833046471601
2006Q1,2006.0,mining_prod_growth,-12.6225490196079
2006Q2,2006.25,mining_prod_growth,15.4277699859748
2006Q3,2006.5,mining_prod_growth,17.9222357229648
2006Q4,2006.75,mining_prod_growth,-11.6434827408552
2007Q1,2007.0,mining_prod_growth,-13.0612244897959
2007Q2,2007.25,mining_prod_growth,20.523138832998
2007Q3,2007.5,mining_prod_growth,19.2543127434614
2007Q4,2007.75,mining_prod_growth,-14.0457302846477
2008Q1,2008.0,mining_prod_growth,-5.91748099891421
2008Q2,2008.25,mining_prod_growth,13.8488170802077
2008Q3,2008.5,mining_prod_growth,14.9011657374556
2008Q4,2008.75,mining_prod_growth,-16.2329069254521
2009Q1,2009.0,mining_prod_growth,-16.2717219589257
2009Q2,2009.25,mining_prod_growth,16.7924528301887
2009Q3,2009.5,mining_prod_growth,23.4787291330102
2009Q4,2009.75,mining_prod_growth,-9.94330571303964
2010Q1,2010.0,mining_prod_growth,-21.7433414043584
2010Q2,2010.25,mining_prod_growth,22.4009900990099
2010Q3,2010.5,mining_prod_growth,12.0323559150658
2010Q4,2010.75,mining_prod_growth,-2.52707581227442
2011Q1,2011.0,mining_prod_growth,-10.5555555555555
2011Q2,2011.25,mining_prod_growth,15.5797101449275
2011Q3,2011.5,mining_prod_growth,11.1061352440662
2011Q4,2011.75,mining_prod_growth,2.33776702942367
2012Q1,2012.0,mining_prod_growth,-20.4017329657345
2012Q2,2012.25,mining_prod_growth,14.3493320138545
2012Q3,2012.5,mining_prod_growth,8.0484638684552
2012Q4,2012.75,mining_prod_growth,1.16139367240691
2013Q1,2013.0,mining_prod_growth,-20.9817893903404
2013Q2,2013.25,mining_prod_growth,19.188376753507
2013Q3,2013.5,mining_prod_growth,6.89365279529209
2013Q4,2013.75,mining_prod_growth,-3.77506881635856
2014Q1,2014.0,mining_prod_growth,-13.1998365345321
2014Q2,2014.25,mining_prod_growth,7.86252354048965
2014Q3,2014.5,mining_prod_growth,4.84504583151467
2014Q4,2014.75,mining_prod_growth,-4.4129891756869
2015Q1,2015.0,mining_prod_growth,-16.6811846689896
2015Q2,2015.25,mining_prod_growth,19.6027182435964
2015Q3,2015.5,mining_prod_growth,10.2709790209791
2015Q4,2015.75,mining_prod_growth,1.18906064209274
2016Q1,2016.0,mining_prod_growth,-22.2483352918136
2016Q2,2016.25,mining_prod_growth,17.6322418136021
2016Q3,2016.5,mining_prod_growth,-1.32762312633837
2016Q4,2016.75,mining_prod_growth,12.5868055555556
2017Q1,2017.0,mining_prod_growth,-18.3500385505012
2017Q2,2017.25,mining_prod_growth,19.2634560906515
2017Q3,2017.5,mining_prod_growth,9.1844813935075
2017Q4,2017.75,mining_prod_growth,3.80710659898478
2018Q1,2018.0,mining_prod_growth,-18.2326231225987
2018Q2,2018.25,mining_prod_growth,13.8829560017087
2018Q3,2018.5,mining_prod_growth,4.42610652663169
2018Q4,2018.75,mining_prod_growth,-0.71839080459772
2019Q1,2019.0,mining_prod_growth,-18.4153400868307
2019Q2,2019.25,mining_prod_growth,14.7671840354767
2019Q3,2019.5,mining_prod_growth,11.3601236476044
2019Q4,2019.75,mining_prod_growth,2.94934073560027
2020Q1,2020.0,mining_prod_growth,-22.3120997640715
2020Q2,2020.25,mining_prod_growth,0.0867678958785359
2020Q3,2020.5,mining_prod_growth,25.3142609449502
2020Q4,2020.75,mining_prod_growth,5.77654790729852
2021Q1,2021.0,mining_prod_growth,-13.0477436232832
2021Q2,2021.25,mining_prod_growth,11.7713426100038
2021Q3,2021.5,mining_prod_growth,6.83041722745621
2021Q4,2021.75,mining_prod_growth,0.598425196850438
2022Q1,2022.0,mining_prod_growth,-13.149655604258
2022Q2,2022.25,mining_prod_growth,4.75847152126895
2022Q3,2022.5,mining_prod_growth,-4.23262216104613
2022Q4,2022.75,mining_prod_growth,6.03665109593968
2023Q1,2023.0,mining_prod_growth,-19.4171467299221
2023Q2,2023.25,mining_prod_growth,4.66778805719096
2023Q3,2023.5,mining_prod_growth,21.6954600241061
2023Q4,2023.75,mining_prod_growth,2.41003631561572
2024Q1,2024.0,mining_prod_growth,-12.0245003223727
2024Q2,2024.25,mining_prod_growth,-0.513008427995594
2024Q3,2024.5,mining_prod_growth,12.5966850828729
2024Q4,2024.75,mining_prod_growth,-2.78050376185802
2025Q1,2025.0,mining_prod_growth,-9.99327052489908
1998Q1,1998.0,industrial_prod_sa,2.33545647558385
1998Q2,1998.25,industrial_prod_sa,-0.829875518672178
1998Q3,1998.5,industrial_prod_sa,-0.627615062761506
1998Q4,1998.75,industrial_prod_sa,-5.26315789473685
1999Q1,1999.0,industrial_prod_sa,1.22222222222223
1999Q2,1999.25,industrial_prod_sa,2.52469813391875
1999Q3,1999.5,industrial_prod_sa,-3.64025695931476
1999Q4,1999.75,industrial_prod_sa,0.1111111111111
2000Q1,2000.0,industrial_prod_sa,3.32963374028857
2000Q2,2000.25,industrial_prod_sa,3.97422126745437
2000Q3,2000.5,industrial_prod_sa,2.16942148760331
2000Q4,2000.75,industrial_prod_sa,-1.01112234580386
2001Q1,2001.0,industrial_prod_sa,-7.15015321756894
2001Q2,2001.25,industrial_prod_sa,-3.96039603960396
2001Q3,2001.5,industrial_prod_sa,3.43642611683849
2001Q4,2001.75,industrial_prod_sa,-3.98671096345515
2002Q1,2002.0,industrial_prod_sa,8.30449826989619
2002Q2,2002.25,industrial_prod_sa,2.66240681576144
2002Q3,2002.5,industrial_prod_sa,1.76348547717843
2002Q4,2002.75,industrial_prod_sa,0.203873598369022
2003Q1,2003.0,industrial_prod_sa,4.78128179043741
2003Q2,2003.25,industrial_prod_sa,-1.65048543689318
2003Q3,2003.5,industrial_prod_sa,6.91016781836129
2003Q4,2003.75,industrial_prod_sa,0.184672206832881
2004Q1,2004.0,industrial_prod_sa,3.31797235023041
2004Q2,2004.25,industrial_prod_sa,4.10347903657448
2004Q3,2004.5,industrial_prod_sa,0.599828620394164
2004Q4,2004.75,industrial_prod_sa,-4.00340715502554
2005Q1,2005.0,industrial_prod_sa,14.1969831410825
2005Q2,2005.25,industrial_prod_sa,-0.62160062160063
2005Q3,2005.5,industrial_prod_sa,3.7529319781079
2005Q4,2005.75,industrial_prod_sa,2.93896006028636
2006Q1,2006.0,industrial_prod_sa,1.53733528550512
2006Q2,2006.25,industrial_prod_sa,1.87454938716655
2006Q3,2006.5,industrial_prod_sa,0.283085633404097
2006Q4,2006.75,industrial_prod_sa,1.48200423429781
2007Q1,2007.0,industrial_prod_sa,5.35465924895689
2007Q2,2007.25,industrial_prod_sa,1.25412541254125
2007Q3,2007.5,industrial_prod_sa,-0.130378096479778
2007Q4,2007.75,industrial_prod_sa,1.43603133159268
2008Q1,2008.0,industrial_prod_sa,1.86615186615183
2008Q2,2008.25,industrial_prod_sa,-0.758054327226785
2008Q3,2008.5,industrial_prod_sa,-2.80076384468488
2008Q4,2008.75,industrial_prod_sa,-8.84086444007858
2009Q1,2009.0,industrial_prod_sa,-8.76436781609196
2009Q2,2009.25,industrial_prod_sa,4.80314960629923
2009Q3,2009.5,industrial_prod_sa,4.28249436513899
2009Q4,2009.75,industrial_prod_sa,3.60230547550431
2010Q1,2010.0,industrial_prod_sa,-0.208623087621697
2010Q2,2010.25,industrial_prod_sa,5.0871080139373
2010Q3,2010.5,industrial_prod_sa,3.71352785145891
2010Q4,2010.75,industrial_prod_sa,4.66751918158561
2011Q1,2011.0,industrial_prod_sa,5.25351252290782
2011Q2,2011.25,industrial_prod_sa,0.406268136970341
2011Q3,2011.5,industrial_prod_sa,3.69942196531795
2011Q4,2011.75,industrial_prod_sa,2.2853957636566
2012Q1,2012.0,industrial_prod_sa,-1.58038147138962
2012Q2,2012.25,industrial_prod_sa,2.15946843853821
2012Q3,2012.5,industrial_prod_sa,0.433604336043333
2012Q4,2012.75,industrial_prod_sa,0.701565029681625
2013Q1,2013.0,industrial_prod_sa,2.30439442658095
2013Q2,2013.25,industrial_prod_sa,2.51440544787847
2013Q3,2013.5,industrial_prod_sa,1.53295861011753
2013Q4,2013.75,industrial_prod_sa,2.01308505284343
2014Q1,2014.0,industrial_prod_sa,3.0093734583128
2014Q2,2014.25,industrial_prod_sa,-1.3409961685824
2014Q3,2014.5,industrial_prod_sa,1.50485436893206
2014Q4,2014.75,industrial_prod_sa,0.62171209947396
2015Q1,2015.0,industrial_prod_sa,1.14068441064639
2015Q2,2015.25,industrial_prod_sa,3.38345864661654
2015Q3,2015.5,industrial_prod_sa,1.95454545454541
2015Q4,2015.75,industrial_prod_sa,0.356665180561793
2016Q1,2016.0,industrial_prod_sa,0.844069302532162
2016Q2,2016.25,industrial_prod_sa,0.837004405286366
2016Q3,2016.5,industrial_prod_sa,-2.14067278287464
2016Q4,2016.75,industrial_prod_sa,4.1071428571429
2017Q1,2017.0,industrial_prod_sa,1.62950257289878
2017Q2,2017.25,industrial_prod_sa,3.50210970464133
2017Q3,2017.5,industrial_prod_sa,2.28291887484717
2017Q4,2017.75,industrial_prod_sa,3.54722997210042
2018Q1,2018.0,industrial_prod_sa,-0.423402617397979
2018Q2,2018.25,industrial_prod_sa,-0.850405875531523
2018Q3,2018.5,industrial_prod_sa,-1.28654970760234
2018Q4,2018.75,industrial_prod_sa,-4.93680884676143
2019Q1,2019.0,industrial_prod_sa,2.36809306190278
2019Q2,2019.25,industrial_prod_sa,0.892857142857101
2019Q3,2019.5,industrial_prod_sa,1.24698310539021
2019Q4,2019.75,industrial_prod_sa,1.27135478744535
2020Q1,2020.0,industrial_prod_sa,0.902314633189526
2020Q2,2020.25,industrial_prod_sa,-18.9346811819596
2020Q3,2020.5,industrial_prod_sa,30.599520383693
2020Q4,2020.75,industrial_prod_sa,3.19500550863019
2021Q1,2021.0,industrial_prod_sa,3.06049822064061
2021Q2,2021.25,industrial_prod_sa,2.03729281767954
2021Q3,2021.5,industrial_prod_sa,2.33502538071066
2021Q4,2021.75,industrial_prod_sa,3.33994708994712
2022Q1,2022.0,industrial_prod_sa,0.639999999999934
2022Q2,2022.25,industrial_prod_sa,1.71701112877583
2022Q3,2022.5,industrial_prod_sa,-4.59518599562363
2022Q4,2022.75,industrial_prod_sa,2.52293577981655
2023Q1,2023.0,industrial_prod_sa,-0.735059124320902
2023Q2,2023.25,industrial_prod_sa,3.67031551835158
2023Q3,2023.5,industrial_prod_sa,0.652173913043478
2023Q4,2023.75,industrial_prod_sa,-1.60444307312555
2024Q1,2024.0,industrial_prod_sa,2.91627469426152
2024Q2,2024.25,industrial_prod_sa,-3.7781840341255
2024Q3,2024.5,industrial_prod_sa,-0.949968334388853
2024Q4,2024.75,industrial_prod_sa,3.38874680306902
2025Q1,2025.0,industrial_prod_sa,1.70068027210881
1998Q2,1998.25,unemployment,6.675
1998Q4,1998.75,unemployment,6.435
1999Q2,1999.25,unemployment,7.6
1999Q4,1999.75,unemployment,7.281
2000Q1,2000.0,unemployment,7.972
2000Q2,2000.25,unemployment,5.951
2000Q3,2000.5,unemployment,5.376
2000Q4,2000.75,unemployment,6.066
2005Q1,2005.0,unemployment,10.2666666666667
2005Q2,2005.25,unemployment,8.93333333333333
2005Q3,2005.5,unemployment,8.96666666666667
2005Q4,2005.75,unemployment,9.86666666666667
2006Q1,2006.0,unemployment,10.5666666666667
2006Q2,2006.25,unemployment,8.4
2006Q3,2006.5,unemployment,8.4
2006Q4,2006.75,unemployment,8.9
2007Q1,2007.0,unemployment,9.9
2007Q2,2007.25,unemployment,8.53333333333333
2007Q3,2007.5,unemployment,8.66666666666667
2007Q4,2007.75,unemployment,9.53333333333333
2008Q1,2008.0,unemployment,10.4333333333333
2008Q2,2008.25,unemployment,8.73333333333333
2008Q3,2008.5,unemployment,9.4
2008Q4,2008.75,unemployment,11.5333333333333
2009Q1,2009.0,unemployment,14.5333333333333
2009Q2,2009.25,unemployment,12.9
2009Q3,2009.5,unemployment,12.4
2009Q4,2009.75,unemployment,12.3333333333333
2010Q1,2010.0,unemployment,13.3
2010Q2,2010.25,unemployment,10.5
2010Q3,2010.5,unemployment,10.3666666666667
2010Q4,2010.75,unemployment,10.4333333333333
2011Q1,2011.0,unemployment,10.6333333333333
2011Q2,2011.25,unemployment,8.9
2011Q3,2011.5,unemployment,8.43333333333333
2011Q4,2011.75,unemployment,8.6
2012Q1,2012.0,unemployment,9.33333333333333
2012Q2,2012.25,unemployment,7.7
2012Q3,2012.5,unemployment,7.96666666666667
2012Q4,2012.75,unemployment,8.73333333333333
2013Q1,2013.0,unemployment,9.6
2013Q2,2013.25,unemployment,8.33333333333333
2013Q3,2013.5,unemployment,8.93333333333333
2013Q4,2013.75,unemployment,9.33333333333333
2014Q1,2014.0,unemployment,10.1333333333333
2014Q2,2014.25,unemployment,8.73333333333333
2014Q3,2014.5,unemployment,9.96666666666667
2014Q4,2014.75,unemployment,10.7333333333333
2015Q1,2015.0,unemployment,11.3333333333333
2015Q2,2015.25,unemployment,9.36666666666667
2015Q3,2015.5,unemployment,10.1
2015Q4,2015.75,unemployment,10.5333333333333
2016Q1,2016.0,unemployment,10.8666666666667
2016Q2,2016.25,unemployment,9.4
2016Q3,2016.5,unemployment,11.2666666666667
2016Q4,2016.75,unemployment,12.1
2017Q1,2017.0,unemployment,12.7
2017Q2,2017.25,unemployment,10.2
2017Q3,2017.5,unemployment,10.5333333333333
2017Q4,2017.75,unemployment,10.2666666666667
2018Q1,2018.0,unemployment,10.5333333333333
2018Q2,2018.25,unemployment,9.63333333333333
2018Q3,2018.5,unemployment,11.1
2018Q4,2018.75,unemployment,12.3333333333333
2019Q1,2019.0,unemployment,14.6666666666667
2019Q2,2019.25,unemployment,12.9
2019Q3,2019.5,unemployment,14.1
2019Q4,2019.75,unemployment,13.2666666666667
2020Q1,2020.0,unemployment,13.5333333333333
2020Q2,2020.25,unemployment,12.8
2020Q3,2020.5,unemployment,13.3333333333333
2020Q4,2020.75,unemployment,12.9
2021Q1,2021.0,unemployment,13.5333333333333
2021Q2,2021.25,unemployment,11.9
2021Q3,2021.5,unemployment,11.7333333333333
2021Q4,2021.75,unemployment,10.9666666666667
2022Q1,2022.0,unemployment,11.6333333333333
2022Q2,2022.25,unemployment,10.1333333333333
2022Q3,2022.5,unemployment,10.1
2022Q4,2022.75,unemployment,10.0666666666667
2023Q1,2023.0,unemployment,10.4
2023Q2,2023.25,unemployment,9.26666666666667
2023Q3,2023.5,unemployment,9.26666666666667
2023Q4,2023.75,unemployment,8.63333333333333
2024Q1,2024.0,unemployment,9.26666666666667
2024Q2,2024.25,unemployment,8.33333333333333
2024Q3,2024.5,unemployment,8.8
2024Q4,2024.75,unemployment,8.53333333333333
1998Q2,1998.25,labor_index,93.9390854406147
1998Q4,1998.75,labor_index,98.8566901112326
1999Q2,1999.25,labor_index,99.9853932534536
1999Q4,1999.75,labor_index,95.1961509009707
2000Q1,2000.0,labor_index,87.8883513409436
2000Q2,2000.25,labor_index,98.9142318400517
2000Q3,2000.5,labor_index,100.901634627727
2000Q4,2000.75,labor_index,93.629245362358
2006Q1,2006.0,labor_index,83.8462662057427
2006Q2,2006.25,labor_index,92.3783767035672
2006Q3,2006.5,labor_index,93.9266918374845
2006Q4,2006.75,labor_index,91.6020059931924
2007Q1,2007.0,labor_index,87.1411941236616
2007Q2,2007.25,labor_index,94.3693205207084
2007Q3,2007.5,labor_index,95.2713977771188
2007Q4,2007.75,labor_index,90.5844026504606
2008Q1,2008.0,labor_index,87.9153516906203
2008Q2,2008.25,labor_index,96.6727601882057
2008Q3,2008.5,labor_index,97.6766420417576
2008Q4,2008.75,labor_index,92.9444987894106
2009Q1,2009.0,labor_index,87.5461993688115
2009Q2,2009.25,labor_index,94.9628855849117
2009Q3,2009.5,labor_index,97.8532508863639
2009Q4,2009.75,labor_index,96.2323446483979
2010Q1,2010.0,labor_index,94.1325141751836
2010Q2,2010.25,labor_index,102.045387145178
2010Q3,2010.5,labor_index,102.666837816424
2010Q4,2010.75,labor_index,101.155260863214
2011Q1,2011.0,labor_index,100.922438175839
2011Q2,2011.25,labor_index,108.196155327258
2011Q3,2011.5,labor_index,110.14062313266
2011Q4,2011.75,labor_index,107.410489414535
2012Q1,2012.0,labor_index,103.298911576068
2012Q2,2012.25,labor_index,111.901400034525
2012Q3,2012.5,labor_index,112.281175444731
2012Q4,2012.75,labor_index,111.943892388115
2013Q1,2013.0,labor_index,108.641882411264
2013Q2,2013.25,labor_index,115.659317555096
2013Q3,2013.5,labor_index,114.905963536249
2013Q4,2013.75,labor_index,112.606507526901
2014Q1,2014.0,labor_index,110.64167880207
2014Q2,2014.25,labor_index,117.453734236886
2014Q3,2014.5,labor_index,116.46445912988
2014Q4,2014.75,labor_index,114.52308972526
2015Q1,2015.0,labor_index,113.200515219787
2015Q2,2015.25,labor_index,119.816486147935
2015Q3,2015.5,labor_index,120.166605436366
2015Q4,2015.75,labor_index,118.070315992617
2016Q1,2016.0,labor_index,117.09874603294
2016Q2,2016.25,labor_index,123.346449896646
2016Q3,2016.5,labor_index,121.602050256061
2016Q4,2016.75,labor_index,119.793469456408
2017Q1,2017.0,labor_index,119.309233676961
2017Q2,2017.25,labor_index,126.093846133417
2017Q3,2017.5,labor_index,127.597455770329
2017Q4,2017.75,labor_index,126.215126392621
2018Q1,2018.0,labor_index,124.66769651607
2018Q2,2018.25,labor_index,128.970047317006
2018Q3,2018.5,labor_index,129.768106832859
2018Q4,2018.75,labor_index,125.317475423042
2019Q1,2019.0,labor_index,121.067797435409
2019Q2,2019.25,labor_index,125.12625983189
2019Q3,2019.5,labor_index,126.270897606707
2019Q4,2019.75,labor_index,124.676106461051
2020Q1,2020.0,labor_index,118.395205446103
2020Q2,2020.25,labor_index,114.433678731249
2020Q3,2020.5,labor_index,121.955267945273
2020Q4,2020.75,labor_index,119.792584199041
2021Q1,2021.0,labor_index,121.237324221084
2021Q2,2021.25,labor_index,125.917237288811
2021Q3,2021.5,labor_index,131.240289833262
2021Q4,2021.75,labor_index,131.969741903215
2022Q1,2022.0,labor_index,130.2102928874
2022Q2,2022.25,labor_index,136.172501250426
2022Q3,2022.5,labor_index,137.920441920477
2022Q4,2022.75,labor_index,139.670153105262
2023Q1,2023.0,labor_index,136.572194951377
2023Q2,2023.25,labor_index,139.455478193898
2023Q3,2023.5,labor_index,141.823099020463
2023Q4,2023.75,labor_index,141.727048596203
2024Q1,2024.0,labor_index,141.695621959694
2024Q2,2024.25,labor_index,144.720103752163
2024Q3,2024.5,labor_index,146.027186253724
2024Q4,2024.75,labor_index,144.546150679656
2000Q1,2000.0,labor_force,-6.98396275219866
2000Q2,2000.25,labor_force,10.1269929551353
2000Q3,2000.5,labor_force,1.38883043642944
2000Q4,2000.75,labor_force,-6.52525839525134
2006Q2,2006.25,labor_force,6.74864290771773
2006Q3,2006.5,labor_force,2.26887820753758
2006Q4,2006.75,labor_force,-2.25097069327822
2007Q1,2007.0,labor_force,-3.31664248557981
2007Q2,2007.25,labor_force,6.05515752102263
2007Q3,2007.5,labor_force,1.37354459921746
2007Q4,2007.75,labor_force,-4.10054767588822
2008Q1,2008.0,labor_force,-1.49584880877896
2008Q2,2008.25,labor_force,7.07477048102133
2008Q3,2008.5,labor_force,2.06865215763323
2008Q4,2008.75,labor_force,-2.49126162368924
2009Q1,2009.0,labor_force,-2.53208434081263
2009Q2,2009.25,labor_force,5.99850807116154
2009Q3,2009.5,labor_force,2.93242773265686
2009Q4,2009.75,labor_force,-2.05945017728523
2010Q1,2010.0,labor_force,-0.811312101497214
2010Q2,2010.25,labor_force,4.67486660774493
2010Q3,2010.5,labor_force,0.889307590973235
2010Q4,2010.75,labor_force,-1.88847387753204
2011Q1,2011.0,labor_force,0.455733794595961
2011Q2,2011.25,labor_force,5.06777475508311
2011Q3,2011.5,labor_force,1.48056408855696
2011Q4,2011.75,labor_force,-2.64066071823612
2012Q1,2012.0,labor_force,-2.50891849517909
2012Q2,2012.25,labor_force,5.93319426802314
2012Q3,2012.5,labor_force,0.801592918406935
2012Q4,2012.75,labor_force,0.335403229620252
2013Q1,2013.0,labor_force,-1.79903195982815
2013Q2,2013.25,labor_force,4.83694107135605
2013Q3,2013.5,labor_force,0.16481542785099
2013Q4,2013.75,labor_force,-1.84162969109281
2014Q1,2014.0,labor_force,-0.370723250616081
2014Q2,2014.25,labor_force,4.55151735221051
2014Q3,2014.5,labor_force,0.527837859213436
2014Q4,2014.75,labor_force,-0.944435322770435
2015Q1,2015.0,labor_force,-0.564950290590262
2015Q2,2015.25,labor_force,3.6555338308786
2015Q3,2015.5,labor_force,1.13008546836732
2015Q4,2015.75,labor_force,-1.33379272874247
2016Q1,2016.0,labor_force,-0.375058760325028
2016Q2,2016.25,labor_force,3.63292585514808
2016Q3,2016.5,labor_force,0.614019682452957
2016Q4,2016.75,labor_force,-0.646798332094256
2017Q1,2017.0,labor_force,0.310050785863246
2017Q2,2017.25,labor_force,2.77404791095024
2017Q3,2017.5,labor_force,1.56370808678501
2017Q4,2017.75,labor_force,-1.30006525184103
2018Q1,2018.0,labor_force,-0.827021275256103
2018Q2,2018.25,labor_force,2.36811112980487
2018Q3,2018.5,labor_force,2.21347746674977
2018Q4,2018.75,labor_force,-2.10729422329552
2019Q1,2019.0,labor_force,-0.650507792767246
2019Q2,2019.25,labor_force,1.10957912730993
2019Q3,2019.5,labor_force,2.30803167874519
2019Q4,2019.75,labor_force,-2.10427912306625
2020Q1,2020.0,labor_force,-4.62431306833584
2020Q2,2020.25,labor_force,-4.15767715263872
2020Q3,2020.5,labor_force,6.92340613384466
2020Q4,2020.75,labor_force,-2.19923603494573
2021Q1,2021.0,labor_force,2.04663663257217
2021Q2,2021.25,labor_force,1.81674640392844
2021Q3,2021.5,labor_force,4.09561500908758
2021Q4,2021.75,labor_force,-0.205587817283083
2022Q1,2022.0,labor_force,-0.638933756900634
2022Q2,2022.25,labor_force,2.86334147653346
2022Q3,2022.5,labor_force,1.25057694217725
2022Q4,2022.75,labor_force,1.23397662455316
2023Q1,2023.0,labor_force,-1.84308025535796
2023Q2,2023.25,labor_force,0.801363479311176
2023Q3,2023.5,labor_force,1.7167233627039
2023Q4,2023.75,labor_force,-0.753257271339693
2024Q1,2024.0,labor_force,0.62658179089402
2024Q2,2024.25,labor_force,1.1560415006706
2024Q3,2024.5,labor_force,1.38529934463175
2024Q4,2024.75,labor_force,-1.30416270376678
