time_label,time,import,export,deposit_rate,policy_rate,fiscal_balance,real_gdp,cpi_inflation_qoq,ppi_index,electricity_prod_growth,manufacturing_prod_growth,mining_prod_growth,industrial_prod_sa,unemployment,labor_index,labor_force,bond_2y,bond_3y,bond_5y,bond_10y,internal_debt,reer,usd,eur,m1,m2,budget_deficit,bist,kredi,kapasite,cariacik,fdi
1998Q1,1998.0,,,82.67,80.6,,,18.1583363410661,,3.25765054294175,-11.4688128772636,-8.54794520547946,2.33545647558385,,,,,,,,,117.14,,,,,,,,,-0.007106377486443469,
1998Q2,1998.25,-3.376681758847333,2.316856552431368,80.2233333333333,65.75,,-0.7997323128282829,12.6045988702087,10.661486327653558,-10.4206500956023,4.20454545454547,10.1258238466148,-0.829875518672178,6.675,,,,,,,12.829035699872904,116.3,12.255201411837003,,18.671070191911987,26.64091641198514,,22.954816346892493,,,-0.0015336052509171872,
1998Q3,1998.5,-1.8344732563537747,-3.595698262779834,75.3233333333333,78.85,,-1.4170680470865449,11.4803520713415,7.955343612596355,12.059765208111,3.27153762268267,22.5788900979326,-0.627615062761506,,,,,,,,17.03250693065108,126.14,7.3098876889273745,,20.186141532934876,13.850736717110124,,-59.299728983099875,,,0.007352458790914734,
1998Q4,1998.75,-5.580523873479315,1.8879816425556584,82.2133333333333,78.97,,-0.2590233261477337,16.5753980213178,11.342340171037613,0.952380952380943,-2.53431890179515,-14.9578339991123,-5.26315789473685,6.435,,,,,,,15.479841743208667,129.17,7.519533933360489,,9.14479560424759,22.106708759230287,,13.671759173676268,,,0.008922357951411813,
1999Q1,1999.0,-6.795602526467981,-7.17492536299833,82.3,76.32,,-1.7001919174035152,12.3565068418934,9.790523734610845,0.471698113207551,-13.97616468039,-20.1461377870564,1.22222222222223,,,,,,,,20.425181883537746,129.82,15.184962718681106,,18.662594266963595,13.716402582020137,,56.131406300971506,,,0.006479898168904192,
1999Q2,1999.25,13.977659225179728,-5.405433957629846,82.5333333333333,76.91,,-0.565310540628694,12.1101974456246,11.533488696475347,-4.88262910798121,15.9949622166247,11.0457516339869,2.52469813391875,7.6,,,,,,,17.565231993533104,130.33,14.685081388173614,8.661243296567257,-6.611861951588338,15.390561653358859,,8.340866129739899,,,-0.005135256601826455,
1999Q3,1999.5,-5.311215160266158,-2.792645877437039,79.6333333333333,67.51,,-1.7010034388770023,12.2822568612345,10.226746160910327,6.61401776900296,-4.12595005428882,15.2442613301943,-3.64025695931476,,,,,,,,16.513027228486266,135.06,10.191736801944739,9.374768236841557,15.008977602566276,19.375836712341155,,20.411310213094637,,,0.0008432828480773581,
1999Q4,1999.75,5.443335728432075,5.683353605033581,69.2633333333333,69.97,,2.943666169989001,17.4127423161631,14.318171324943885,5.27777777777777,3.39750849377123,-11.6956077630235,0.1111111111111,7.281,,,,,,,13.486654960415123,138.37,12.725863511998947,11.652196047568541,33.19815609744747,18.866848706295514,,91.83297906121872,,,-0.0040212029915290964,
2000Q1,2000.0,9.939914506610492,10.123641832695007,38.92,39.2,,1.5625792693056084,14.2275446750545,14.992909555469236,4.48548812664907,-10.8433734939759,-14.8640832851359,3.32963374028857,7.972,-7.98722350765928,-6.98396275219866,,,,,15.1865918395643,143.95,12.385355482664872,7.3882298144161584,4.742108876284945,0.17464561752831287,,4.570328774996302,,,-0.006387659426067711,
2000Q2,2000.25,8.375586897293097,7.536232900974049,40.83,43.05,,3.819490220587518,7.34571674512625,6.907568887312943,-10.1851851851852,18.6732186732187,11.4130434782609,3.97422126745437,5.951,11.818585539999749,10.1269929551353,,,,,13.028477594211907,143.7,7.996912151257785,2.5199294936367633,15.426254878633472,8.814724572785693,,-9.577511198914745,,,-0.007897216648016176,
2000Q3,2000.5,-3.695390370004148,0.41134884737843436,40.6933333333333,47.44,,1.4783349998351625,6.03455396560052,3.175317128064359,10.4029990627929,1.75983436853003,12.8048780487805,2.16942148760331,5.376,1.989299811050227,1.38883043642944,,,,,3.3175678185376256,149.44,5.685532475090516,2.6293970427785585,11.850379168683745,7.774038001783268,,-25.579800839748668,,,-0.002783220832052509,
2000Q4,2000.75,1.8620183979869864,-1.0806637799015917,68.1866666666667,183.2,,1.4264116163447582,9.45846714398076,6.808283718688379,-0.169779286926993,-1.01729399796543,-4.81081081081081,-1.01112234580386,6.066,-7.480334256773791,-6.52525839525134,,,,,14.779250706576619,157.36,5.178447175972078,0.6808105811544007,15.770644488168095,18.62083130224761,,-17.465527650674684,,,-0.006494900508111644,
2001Q1,2001.0,-17.934872566629068,3.671381051586664,87.3633333333333,81.19,,-5.261131646446948,8.86197026012049,9.383828199868427,-2.38095238095237,-16.7523124357657,-18.0579216354344,-7.15015321756894,,,,,,,,33.37683086246592,122.2,14.10808234631576,20.239578981699495,7.945285668999524,18.734158830455527,,-21.993267936536842,,,-0.0011703474753595716,
2001Q2,2001.25,-17.073172773332423,2.6197696334934406,81.0466666666667,63.0,,-4.965294273594267,20.531640566734,25.62475588172326,-9.23344947735194,4.44444444444443,9.77130977130978,-3.96039603960396,,,,,,,,57.45850666153132,118.36,41.270255102688544,35.97708288517979,16.466664272455844,4.7950749636790135,,40.126146909437836,,,0.0023924612131310725,
2001Q3,2001.5,3.893886864152485,-1.9799593331894627,67.75,59.03,,1.2440157139106844,10.4226330662625,11.219363361857537,11.2284069097889,3.90070921985817,6.50252525252524,3.43642611683849,,,,,,,,15.776437451713576,104.54,16.39169901589835,18.29447291221006,5.949372498372796,4.207178595368433,,-40.165895170974686,,,0.0029848491018562924,
2001Q4,2001.75,-2.0611440299328265,-4.341179705318332,62.6366666666667,59.0,,-1.6972178718818398,15.5725712353924,15.219767041794707,1.46678170836929,-3.41296928327646,-13.040901007706,-3.98671096345515,,,,,,,,14.405638353323624,122.06,9.116433285698522,9.727084974641166,10.581066028201036,11.49145317788296,,60.43029319610955,,,0.0011756251686583761,
2002Q1,2002.0,19.028391484200746,6.5141399138545,57.43,54.73,,3.707979360765634,10.7313423215914,10.393149422403924,1.10544217687073,-1.41342756183745,-3.06748466257669,8.30449826989619,,,,,,,,-1.5328571534151791,143.01,-11.695352389911584,-13.81021539363632,-2.5873099062653893,4.701041226642033,,-15.976663223102872,,,-0.0006217311622209624,
2002Q2,2002.25,-2.0900735841976825,1.7489767322974359,48.7066666666667,48.0,,4.225855050271221,4.05560911862804,4.513631603624058,-5.04625735912531,14.8148148148148,-2.46132208157525,2.66240681576144,,,,,,,,5.287081098697044,123.74,3.517672131550081,8.138370417180015,14.235467001073943,7.0143869648713775,,-22.932232882816095,,,-0.0007173065259405726,
2002Q3,2002.5,8.277936244290629,5.605275981265123,49.4766666666667,46.0,,1.3572160411918333,4.72521737726032,5.987617129955947,8.23737821080603,1.97710718002083,7.858687815429,1.76348547717843,,,,,,,,10.086541320082176,120.24,15.661701182651033,22.554528780008905,11.128043153754419,5.615934634862185,,-6.637821190393733,,,0.0012227961246809513,
2002Q4,2002.75,6.0365928995246065,2.9165710834238467,46.3533333333333,44.0,,2.1111919764322806,9.06873718556389,7.7553227555945625,0.736497545008184,-0.612244897959182,-8.75668449197862,0.203873598369022,,,,,,,,6.604930615594995,130.97,-1.8599346620970847,-0.26512927598664193,10.312396645544197,9.661575558963875,,16.122198285358547,,,-0.0007841824213983338,
2003Q1,2003.0,3.526271493024602,-2.9051915009514317,45.9366666666667,44.0,,0.08356577177348612,6.45953698054948,10.819658617292749,4.22420796100732,-4.82546201232034,-9.52380952380951,4.78128179043741,,,,,,,,8.126790849198073,127.54,2.10856760722663,9.111270803990518,-4.882952649098371,3.0183311211605,,-7.621100661103863,,,-0.003026386919011024,
2003Q2,2003.25,2.0007179867084446,-2.2907100835752203,42.08,38.23,,0.3357626647972012,3.50373547315994,0.30598029958515127,-5.61184723304753,9.06148867313916,-4.21052631578949,-1.65048543689318,,,,,,,,7.529309869743628,143.73,-8.52728522844589,-3.0499192680668807,15.012632507400525,6.1389669932797375,,13.435704287095795,,,-0.0021376936413796998,
2003Q3,2003.5,12.458832028000266,14.718744548843254,34.7433333333333,30.66,,2.8113218158635433,0.738512949039288,0.20458478116571754,10.9826589595376,7.12166172106825,39.475908706678,6.91016781836129,,,,,,,,1.9446444022118925,153.51,-8.510423943394695,-9.199789584643458,12.785702418690548,10.033425950058827,,18.476393321795115,,,0.0009928341962596042,
2003Q4,2003.75,5.26866520431053,-3.356265341447262,27.9533333333333,26.0,,2.9782205216662305,2.89258939826174,2.7331057953256632,-0.669642857142857,-0.18467220683288,-14.3030303030303,0.184672206832881,,,,,,,,8.407583296859045,140.92,3.492552649964825,9.12226919793424,14.52063563788002,9.827600158790872,,34.55675939436303,,,-0.00262313517251405,
2004Q1,2004.0,5.977499064536751,1.7769355457831537,24.78,22.0,,2.7170350172536217,2.0439744664389,5.041268246847341,2.39700374531836,-4.07030527289544,-21.2164073550212,3.31797235023041,,,,,,,,4.683588826314278,154.55,-8.005417538970766,-3.0263117978818532,0.12978696488410435,11.239327059015736,,8.250927043368694,,,-0.00438873567828216,
2004Q2,2004.25,3.6563442558332326,4.170149678496848,24.0966666666667,22.0,,2.3016094762589034,1.55756350309615,5.962488808556365,-4.02340892465254,14.2719382835101,16.9658886894075,4.10347903657448,,,,,,,,2.6216647109162494,137.36,8.610957305308276,4.926259864373006,11.984795663824599,5.115488841790139,,-12.522607863872537,,,-0.002963932129352422,
2004Q3,2004.5,-1.368996277319745,3.143825000955225,24.68,20.0,,1.121419052848971,1.36257582827811,2.126633164437308,9.60365853658537,-0.675105485232074,35.3031465848043,0.599828620394164,,,,,,,,3.962486086726713,138.0,1.6740351511496276,3.0386890471452377,6.770783021984883,5.497096303639282,,21.506959839251305,,,-3.2436672192752204e-05,
2004Q4,2004.75,3.438302006700056,3.371298029999714,23.48,18.0,,1.6094630528995069,4.16167940336986,2.8771867865523326,-1.9471488178025,-4.33305012744265,-13.6698808848554,-4.00340715502554,,,,,,,,3.1272762731660464,142.35,-2.231691773330413,3.558935859819534,3.517493376061509,5.321632652352903,,12.848895383482262,,,-0.002837585206078711,
2005Q1,2005.0,3.8281031015909406,1.1936202515492766,20.6733333333333,15.5,,4.506850080384872,1.30233654497772,-0.6437521360842524,2.48226950354611,2.57548845470693,-9.7897503285151,14.1969831410825,10.2666666666667,,,,,,,3.504327906095739,152.76,-8.591127725312786,-7.220067439474587,2.494261160579825,4.661984090160587,,0.8550289707513592,,,-0.004062954446504801,-89.54999622050809
2005Q2,2005.25,2.253346337256623,-1.7210668351081537,20.02,14.25,,0.4212708736217152,1.5473662778861,2.042299170891404,-3.18339100346022,12.3809523809524,9.54115076474871,-0.62160062160063,8.93333333333333,,,,,,,0.9886916920876843,156.87,2.7820355024221035,-1.2356020718858884,13.104199521138327,10.704740250848133,,7.750208457136054,,,-0.00387321696289907,24.351085413864393
2005Q3,2005.5,3.591229226530679,3.8842813170196777,20.4766666666667,14.25,,1.4020957972237014,0.70747286111189,-0.046578533618468754,10.8649035025018,3.00462249614792,15.8909574468085,3.7529319781079,8.96666666666667,,,15.71,,16.311,,3.5183103571441166,158.6,-1.7199553340449703,-5.002307630322428,8.074860251494798,9.023857802199586,,20.15997432550556,,,-0.0009189232923535401,130.264974424525
2005Q4,2005.75,5.0939124539260305,4.186256684772971,20.4166666666667,13.5,,3.253305582094157,3.87940841865759,0.8948849723150687,-1.28949065119278,7.10545998504112,-6.36833046471601,2.93896006028636,9.86666666666667,,,14.5,,14.228333333333333,,0.6455085950456407,166.27,1.1563375508450269,-1.4477147890429198,53.01139674251942,54.461450663180244,,17.72763495397589,,,-0.003739745210096703,81.39943464316302
2006Q1,2006.0,0.7724730465985985,-0.7660779700579212,19.5866666666667,13.5,,1.1386262466739794,1.73858284963306,0.8954560498455777,1.4369693011104,-12.9189944134078,-12.6225490196079,1.53733528550512,10.5666666666667,,,14.153333333333332,,12.954333333333333,,0.6425862295856177,166.95,-1.8222021860229975,-0.7369221045749663,-6.023130198400395,3.7421104781873993,-1.0485395118762104,7.408467489231363,,,-0.0051912557425474746,-264.9209701079277
2006Q2,2006.25,2.389145642887769,-0.3090223059963648,19.4166666666667,15.0,,3.000648935362271,2.98178099518291,5.344535645599358,-1.60978750804895,16.0384923817161,15.4277699859748,1.87454938716655,8.4,9.690797507216153,6.74864290771773,18.37,,16.89666666666667,,1.1000322855778677,138.02,8.926191878595535,13.433844828174596,18.31810654623922,11.643035152251713,1.4674487966456735,-19.156668706659286,,,-0.005306820855277231,299.573227355399
2006Q3,2006.5,-5.162400780599086,0.01617030770457717,23.7966666666667,17.5,,-0.75633915508444,1.83186557608379,3.7845169017725055,11.0602094240838,-1.93503800967518,17.9222357229648,0.283085633404097,8.4,1.6621671039300345,2.26887820753758,21.97,,18.25,,0.7136686862907027,149.74,3.061755068278732,4.4157597776662065,-2.6028051975362843,1.1926018660254556,-2.015494453100917,4.53175178369154,,,-0.00201101143884475,-67.67980425584153
2006Q4,2006.75,3.5799303430446017,7.504801973499653,23.79,17.5,,2.2335818060502888,2.9408745637446,-0.19000760874741118,-2.41602828520921,4.43974630021142,-11.6434827408552,1.48200423429781,8.9,-2.506143301141339,-2.25097069327822,22.863333333333333,,18.772666666666666,,0.2392807593093238,152.9,-2.996425325189056,-1.7681703358536138,4.956515438001929,5.479333971317857,-1.1641353312002798,5.618114866552393,,,-0.003502913816494188,53.1422847846132
2007Q1,2007.0,6.732540541328014,4.331953299212188,23.3766666666667,17.5,,1.806661639897733,2.19125492346812,0.7215687094081602,2.17391304347826,-6.34278002699054,-13.0612244897959,5.35465924895689,9.9,-4.992344682618377,-3.31664248557981,21.323333333333334,,18.448666666666664,,4.757940360145341,157.4,-3.2339161817745934,-1.7352995959738604,-10.164288271242938,2.5794278019237282,-1.7962966038597343,10.700093764461105,,,-0.004690862045156237,27.396652066035898
2007Q2,2007.25,-1.7236666224796693,-3.362695939032534,22.66,17.5,,0.030530854679433617,2.22477008269706,1.9774621802352677,-0.709219858156021,10.014409221902,20.523138832998,1.25412541254125,8.53333333333333,7.968630174217051,6.05515752102263,19.836666666666666,,16.681333333333335,,-3.867968770279262,166.41,-5.154234643549948,-2.3070894196591585,9.44989637548197,4.634461138940438,-1.6401339340089942,5.3387032817385105,,,-0.004497054560091779,-116.01356715388178
2007Q3,2007.5,2.9717461309317628,-4.592205207499234,22.6466666666667,17.36,,0.584681997250236,-0.369884262021197,1.0294764135783119,11.3095238095238,-2.09561231172233,19.2543127434614,-0.130378096479778,8.66666666666667,0.9513611510491238,1.37354459921746,18.48,,16.474666666666668,,1.778987911268004,167.63,-3.915742918268289,-2.0989279658201854,0.5287318926690432,2.304223901648328,-2.6669293172480018,16.89132090072807,,,-0.002636273107364839,33.45435957148073
2007Q4,2007.75,6.1427243532222064,6.710898167557566,21.5533333333333,15.96,,3.3749997861200143,3.92574850299399,1.4667566993934678,-6.31016042780748,4.48160535117053,-14.0457302846477,1.43603133159268,9.53333333333333,-5.044759530334542,-4.10054767588822,17.3,,15.59,,-1.1534800057248162,177.8,-7.893838453091706,-2.5366581355808826,6.371411599253207,5.035217434133088,-0.44535956264363347,2.2810264993179175,,81.43333333,-0.0048490343801364634,24.593749307666535
2008Q1,2008.0,6.705445743225802,13.536399416969402,21.2066666666667,15.25,,2.0846123402259664,2.80255364262829,3.572092541887706,6.44977168949772,-4.80153649167733,-5.91748099891421,1.86615186615183,10.4333333333333,-2.9907603115631787,-1.49584880877896,18.19033333333333,,17.25,,4.281085010673991,163.88,0.9602236015501253,4.355924770025032,2.302751797732938,7.832628811281239,-2.4571482412492682,-37.03255721997554,,82.96666667,-0.005287550637894764,-21.551689637595395
2008Q2,2008.25,-13.272397900118804,-11.535973498236274,21.91,16.0,,-3.613091705557281,3.65878264768524,8.80755116621419,-4.98659517426273,6.59045057162073,13.8488170802077,-0.758054327226785,8.73333333333333,9.495722981861654,7.07477048102133,21.823333333333334,,19.916666666666668,,-2.0769667669796377,165.42,4.939135697173078,9.153008983882295,3.881427108588653,1.7732135976498142,2.955215025254629,-8.653473593142902,,81.83333333,-0.005837976799279158,20.79402825798038
2008Q3,2008.5,-3.1699289261192476,-4.039991046116853,23.1433333333333,16.75,,-1.8335776536734016,0.815364318619311,0.2798175864012542,9.0293453724605,-7.50788643533124,14.9011657374556,-2.80076384468488,9.4,1.0330783324246973,2.06865215763323,19.039,,18.05666666666667,,2.034269225763552,173.9,-4.299062717409388,-7.824496463287867,6.769804765727372,5.195477072944854,-2.399693671632587,2.0343674026681136,,81.5,-0.0025846104302463114,-37.71855886295459
2008Q4,2008.75,-17.096094576377396,-4.7699342214608365,25.3933333333333,15.63,,-2.572847265957634,3.25438709400612,-2.0377962567245334,-12.2153209109731,-8.25375170532062,-16.2329069254521,-8.84086444007858,11.5333333333333,-4.965992428541011,-2.49126162368924,20.279,,20.17,,3.128051805808596,154.7,24.14900478662413,10.750343560200037,-1.6638997798288813,8.876470596765529,-5.1533236862052805,-30.199536943973726,,80.76666667,-0.0021907280123435856,2.996478870193542
2009Q1,2009.0,-7.770912624677173,4.156156193761973,19.3333333333333,11.03,,-5.8307516345053045,0.427998587189084,-1.3264100089374509,3.24292452830189,-17.1747211895911,-16.2717219589257,-8.76436781609196,14.5333333333333,-5.983588098340942,-2.53208434081263,14.835,,16.306666666666665,,6.165844634693229,147.23,7.3099761221393775,6.179075473079587,2.7436893605653268,2.418190693761346,-9.420176902424322,-4.791450654996332,,81.06666667,-0.0007231480722481953,-43.06883042375178
2009Q2,2009.25,5.990962285475199,-4.1971301482444545,17.9866666666667,9.03,,3.9288000665958833,1.10474377805821,1.5052674490435791,-3.54083380925185,18.132854578097,16.7924528301887,4.80314960629923,12.9,8.131949040158748,5.99850807116154,12.183333333333334,,13.556666666666667,,3.155091909461305,154.16,-5.240933725928865,-0.998065058354558,3.839490871913398,0.7041301033762437,-1.2700303946604734,38.93428726799107,,79.9,-0.001901398997843107,-44.40426979298424
2009Q3,2009.5,10.180643151986324,8.694260677556898,17.1133333333333,7.58,,2.367513029673951,0.468580548791755,0.3836706387343014,10.3019538188277,0.759878419452878,23.4787291330102,4.28249436513899,12.4,2.9982779239395185,2.93242773265686,9.66,,11.163333333333334,,6.093525653698606,155.81,-4.694129634811817,0.10071137606076919,8.899383320832044,3.8952149588691753,-6.254090383818158,26.724859636300113,,72.23333333,-0.000357416609046566,6.840272688440052
2009Q4,2009.75,1.9618051470152054,-1.3062707873217505,16.1633333333333,6.5,,1.933543188961373,3.62525458248471,1.9087639875440487,-3.5426731078905,10.1809954751131,-9.94330571303964,3.60230547550431,12.3333333333333,-1.670339233411422,-2.05945017728523,8.756666666666666,,10.013333333333334,,2.881902230592459,158.17,-0.8277047212068955,2.606713580101516,7.2998511038207425,5.1943322218306776,-4.493179763688013,7.795847961566693,,63.53333333,-0.001495514951362163,-7.72916743016463
2010Q1,2010.0,-2.400237451446152,-7.353126361197049,15.9066666666667,6.5,,-0.2954310022317941,3.82861635220124,3.191685870064287,2.39287701725098,-10.8829568788501,-21.7433414043584,-0.208623087621697,13.3,-2.206200930958424,-0.811312101497214,8.956666666666667,9.875,10.133333333333333,10.715,3.183253748129289,165.37,1.3570513938313433,-5.1439681324391024,-0.08881731234851031,2.990393078851028,-5.019612955492175,7.328359148874863,,65.9,-0.0036715265839567177,-33.02416868705773
2010Q2,2010.25,9.923204786522533,9.72659115704424,15.8933333333333,6.5,,3.730261838777693,1.03732868933143,3.211129705756832,-0.108695652173901,14.6697388632873,22.4009900990099,5.0871080139373,10.5,8.071417151700988,4.67486660774493,9.006666666666666,9.803333333333333,9.626666666666667,10.433333333333334,0.7204891722512485,169.2,1.9875817118510608,-6.292408104902081,7.713189874707993,4.632713181097969,-1.226975153475534,-2.492689576609397,,69.33333333,-0.0034899103500536715,-50.32628513842905
2010Q3,2010.5,5.688512103373711,-3.6786570784288486,15.76,6.375,,2.733012451368033,-0.299760191846501,0.05522494784546694,13.8193688792165,-0.401875418620247,12.0323559150658,3.71352785145891,10.3666666666667,0.6071475022032757,0.889307590973235,8.186666666666667,8.636666666666667,8.68,9.026666666666666,1.336681000794826,171.45,-1.436314534220079,-0.23228870837037618,5.548257972822057,2.595532171318027,-1.8980835566682013,16.170364383718727,,69.16666667,-0.00289897857861108,116.43273434458621
2010Q4,2010.75,6.781699166065458,5.004758301794254,13.5166666666667,1.63044,,2.9783916527318155,2.71346963319297,2.1433696821191894,-8.17399617590825,13.4498991257565,-2.52707581227442,4.66751918158561,10.4333333333333,-1.483258857465053,-1.88847387753204,7.55,7.806666666666667,8.053333333333333,8.753333333333334,1.4506761198749274,167.29,-3.524684955420798,1.6038238724227272,9.889662464635052,7.265042388879905,-5.95921304005579,2.544558899077387,,69.53333333,-0.005035510718421308,41.556888988776294
2011Q1,2011.0,4.786324146657606,-0.8759527980163995,12.13,1.5,,2.228834094187704,0.847054518843753,4.645591688339845,7.28787090057267,-6.99466508595138,-10.5555555555555,5.25351252290782,10.6333333333333,-0.230428980042241,0.455733794595961,8.69,9.1,9.41,9.633333333333333,1.9808553960807274,155.39,7.464485491772255,8.147855805497938,-0.2866048437983437,4.275916286770354,-1.9879284993300106,-3.6587594069606766,,74.93333333,-0.007147811475509592,68.78421283302521
2011Q2,2011.25,1.4595944416090134,3.726845807122281,14.18,1.5,,2.7106193181639426,2.53251818660097,2.0847232155388973,-5.53129548762743,10.4525175270873,15.5797101449275,0.406268136970341,8.9,6.959354978917887,5.06777475508311,8.84,9.263333333333334,9.446666666666667,9.556666666666667,0.7825985925379086,151.72,-0.7594944010998361,4.41579383445313,8.350964444755604,4.355201627780758,2.4531235626833032,-2.2062134326727545,,74.8,-0.006648138572335985,-110.984535677066
2011Q3,2011.5,-1.6562176486933922,13.735533885556706,14.9733333333333,5.0,,2.6241102306258313,0.15569985314673,1.7124542208751592,12.9943502824859,-0.403923831506035,11.1061352440662,3.69942196531795,8.43333333333333,1.781210869878791,1.48056408855696,8.426666666666668,8.653333333333332,9.05,9.426666666666666,1.0879190287042206,138.75,10.198334843566482,8.329225914002713,6.796175785285996,3.639503595541882,-0.6827064454744544,-5.95306200875676,,75.83333333,-0.003842161645587991,84.36795493453877
2011Q4,2011.75,-4.81082603552796,-4.535222937181871,15.1366666666667,5.0,,1.3481829649469645,5.43925662903879,3.951194023866478,-2.36363636363637,9.96523754345303,2.33776702942367,2.2853957636566,8.6,-2.5100097352384942,-2.64066071823612,10.55,10.656666666666666,10.023333333333333,9.89,0.5664734146659356,144.97,5.927231556645607,1.1284024209691323,2.7434797208535144,1.5661739084688264,-4.808659433197841,-13.314047392463735,,76.16666667,-0.004023165764266489,-0.16209335493027055
2012Q1,2012.0,2.534113370152724,0.35223868355025445,18.87,5.0,,-0.8937558458104178,2.04403042589551,1.3159279488121456,5.54003724394785,-12.3814541622761,-20.4017329657345,-1.58038147138962,9.33333333333333,-3.9031004571299377,-2.50891849517909,9.3,9.456666666666667,9.54,9.63,1.7227955133442663,152.11,-2.2554010262802793,-4.994237410133895,-6.6570575561403444,-0.35418151445689716,-2.0594696233201404,17.85707576349198,,77.6,-0.0047449755344793725,-5.502042423297304
2012Q2,2012.25,3.169285808117195,11.900304827498864,18.9333333333333,5.0,,1.7127747765956158,1.53679440449215,0.14424103862937798,-8.29289810322008,10.7636800962117,14.3493320138545,2.15946843853821,7.7,7.999128718245885,5.93319426802314,9.096666666666666,9.16,9.326666666666666,9.096666666666666,0.6718224841915088,154.64,0.4192946986903423,-1.683431488076459,8.765295832740705,3.261904274758365,-0.10472462680975524,-1.2886942766026976,,77.06666667,-0.003361607725202635,-29.78544325222945
2012Q3,2012.5,1.4587987996007357,0.34757851040971843,15.79,5.0,,1.7494021965186235,-0.185957763332387,-0.6292997444311332,11.7364117364117,-3.58306188925082,8.0484638684552,0.433604336043333,7.96666666666667,0.3388093590115382,0.801592918406935,7.516666666666667,7.78,7.836666666666667,8.14,2.6024000940498837,155.0,-0.11955831422447716,-2.709565892414445,4.6079564879345725,3.3046118513407663,-1.6211776200678998,8.113609901346841,,77.06666667,-0.0007790002451686525,-70.91049659985558
2012Q4,2012.75,-3.759359641392379,-0.7874507238812001,15.18,5.0,,1.5901811771588115,3.24007322565488,2.003852703665565,-10.5897546276367,10.0788288288289,1.16139367240691,0.701565029681625,8.73333333333333,-0.3008435357052086,0.335403229620252,6.3,6.433333333333334,6.78,7.126666666666667,-0.2926484317022471,157.69,-0.5396482661301771,3.1327755393479872,4.270567336036635,3.479348361189949,-3.6979702141514674,16.222589293618128,,75.86666667,-0.0021472575259226744,36.67447166006568
2013Q1,2013.0,8.510425465543747,-1.7607184862711733,14.92,4.5,,2.887784841459151,2.46206474492759,0.4690266240069185,3.659123736158,-10.5370843989769,-20.9817893903404,2.30439442658095,9.6,-2.9940794236542168,-1.79903195982815,5.873333333333333,6.033333333333333,6.3500000000000005,6.8133333333333335,1.6096917984942394,160.49,-0.47296577504818416,1.32918565627701,0.901186263307352,2.692451573771848,-0.7952851631646924,8.845555540404515,,76.96666667,-0.00374433724960436,-2.683145192342984
2013Q2,2013.25,5.548183888827296,7.462433056404905,14.85,3.5,,2.8935075346943506,1.31861063464834,1.1368028475462033,-2.4152345564329,12.9788450543167,19.188376753507,2.51440544787847,8.33333333333333,6.259196155719149,4.83694107135605,6.25,6.706666666666667,6.946666666666666,7.166666666666667,0.7640016192862475,153.73,2.9701389477466478,1.8180605001713035,10.945848307504136,5.570366117667902,1.5143282471607065,-10.861223443600476,,76.36666667,-0.003533138465433116,1.3741035917584021
2013Q3,2013.5,-1.2606284515733535,-3.9602655607312798,15.26,3.5,,1.455334595945601,1.05657753525705,2.60023907741207,10.1380295097572,-2.22672064777331,6.89365279529209,1.53295861011753,8.93333333333333,-0.6534866795602667,0.16481542785099,8.986666666666666,9.18,9.193333333333333,9.383333333333333,3.015904503102007,144.01,6.833768893619185,8.189990663972967,6.280526284515275,6.7633102038549,-1.4673384350200702,-3.3730746341566586,,76.53333333,-0.0010810468499714225,42.8262094430802
2013Q4,2013.75,-1.5335882569820214,1.9705403395910537,16.15,3.5,,0.19364186644121872,2.44555462486546,2.0620235581081836,-5.61797752808987,9.78260869565222,-3.77506881635856,2.01308505284343,9.33333333333333,-2.0214578129591487,-1.84162969109281,8.97,9.116666666666667,9.216666666666667,9.396666666666667,-1.218185327895327,141.34,2.9462165104543914,5.734314031693821,6.170624818944859,5.0294002175380825,-3.2843783720605315,-9.232646981689285,,75.33333333,-0.002713328211279913,-6.984748811195374
2014Q1,2014.0,-0.20482747487715613,5.837725150886008,17.3,8.0,,2.8597910212120325,2.97119329546947,5.366143286897618,2.56410256410255,-8.86374351720886,-13.1998365345321,3.0093734583128,10.1333333333333,-1.7602646551465817,-0.370723250616081,10.77,10.42,10.356666666666667,10.129999999999999,1.4758487802058795,136.28,8.983514595486387,9.646067406312042,-1.6862883959085195,1.6731821594810015,-0.5619739399881652,2.4706282141913505,,76.5,-0.0022388452574521596,-0.49447933290629464
2014Q2,2014.25,-0.046399977231992295,0.18728374375598378,16.5133333333333,8.0,,-1.6357113639159593,2.62314607378835,0.6993536579584791,-1.74107142857146,7.55302638385926,7.86252354048965,-1.3409961685824,8.73333333333333,5.9747644072539075,4.55151735221051,8.466666666666667,8.576666666666668,8.706666666666667,8.966666666666667,-0.1422854461754497,146.44,-4.816842287368672,-4.690527291538871,5.162663981817417,2.04907892729409,0.05085188991903216,12.865607826134795,124.41036120702691,77.63333333,-0.0019436222512158774,-36.53042706367877
2014Q3,2014.5,1.0902657587090303,-0.582175641633853,17.6233333333333,7.5,,2.4284572495337997,0.90499613131429,1.1543586536391537,12.4943207632894,-1.53920153920154,4.84504583151467,1.50485436893206,9.96666666666667,-0.8458350253076397,0.527837859213436,8.996666666666666,8.933333333333334,9.013333333333334,9.176666666666668,-0.050183333964781696,144.96,2.3340209368920894,-1.010414780707114,8.03726333597794,5.338844830132317,-1.444920992473627,-5.62865625290927,4.349907258912111,77.36666667,-8.73254083916782e-05,-44.10922857513153
2014Q4,2014.75,1.6085971493467355,-0.7007904312935409,16.3033333333333,7.5,,1.3385605588345229,1.99915104544642,0.7173934636945489,-9.53150242326332,8.84220810942845,-4.4129891756869,0.62171209947396,10.7333333333333,-1.6809694961922972,-0.944435322770435,7.9366666666666665,7.92,7.963333333333334,8.056666666666667,1.5643609057324426,148.34,4.507015041515949,-1.5167137133704989,0.3478972941316272,2.16296961134681,-2.324595191609761,12.70760647221465,0.3413573908385814,75.63333333,-0.002108130707545059,46.694566457764886
2015Q1,2015.0,-0.8499455746914464,3.7962590093526316,15.3333333333333,7.25,0.005629267598041602,1.8730972331796991,1.74651971379098,0.6398904125329175,3.16964285714282,-10.8168761220826,-16.6811846689896,1.14068441064639,11.3333333333333,-1.1615742483155778,-0.564950290590262,7.993333333333333,7.79,7.836666666666667,7.803333333333334,2.03767323460724,146.61,8.339949007887403,-1.9213191612516445,3.433877886071457,5.22258395282833,-1.368475431262945,-4.358203337451361,2.937816609489019,75.23333333,-0.0017048644874730883,46.56437909198434
2015Q2,2015.25,-0.41126319304449765,1.1094436494394344,13.6666666666667,7.25,0.004109216989204922,1.5122766569009016,2.88025121384843,3.329555226313108,-2.16356555603629,12.732762959235,19.6027182435964,3.38345864661654,9.36666666666667,5.680057296581342,3.6555338308786,9.656666666666666,9.49,9.343333333333334,9.096666666666668,1.6525806394739107,138.71,8.142421910472697,6.144969867680294,8.61912197966177,4.485759972013881,1.479249980452167,1.061813817902113,10.311067123663875,74.53333333,-0.0015497236178998364,-82.66369611336115
2015Q3,2015.5,-0.33835731649070055,-0.4275671715872065,15.0,7.25,0.0036174550434787405,1.3917834905342374,0.497595383135602,1.380605466364937,12.2069880583812,-4.82142857142854,10.2709790209791,1.95454545454541,10.1,0.29178683758752655,1.13008546836732,10.56,10.466666666666667,10.273333333333333,10.013333333333334,1.8284407946495662,128.52,6.405667078499711,7.15628419307921,9.002357570595976,7.334588275411846,-2.1811381634373808,-10.368754057120011,2.0800787284901645,74.73333333,0.00037214399518913343,121.43712819678561
2015Q4,2015.75,1.0122830774962566,-1.8387908377430762,15.6666666666667,7.25,0.005237766510573876,1.1601114522969525,2.81893240432345,0.06773583285193396,-5.83366180528181,15.9474671669794,1.18906064209274,0.356665180561793,10.5333333333333,-1.7598813280633507,-1.33379272874247,10.396666666666667,10.32,10.233333333333333,9.97,0.4438975265021128,138.74,2.214235574419088,0.6545936547656339,-2.286957152382385,-1.269554775526771,-1.9782375000779788,-3.1224874107066647,-0.9598312617377758,75.1,-0.0009782515246766852,-83.86380936151676
2016Q1,2016.0,1.754158969443509,0.676296531865006,15.1833333333333,7.25,0.0012485339791276733,0.3608860210022158,2.15583577421439,-0.15679191083295407,1.6743407283382,-12.4190938511327,-22.2483352918136,0.844069302532162,10.8666666666667,-0.8262783199594281,-0.375058760325028,10.393333333333333,10.346666666666668,10.21,10.19,1.8256189816703738,143.47,1.2790933655810965,1.8164747358071054,1.99624377440486,2.566728391840911,-0.8099047578261692,14.91970759465051,0.42562748387062754,77.4,-0.0011568383811658511,-54.66684179726471
2016Q2,2016.25,4.560207811129224,-0.3031530227179502,14.8,7.25,0.002897126494015189,1.4207458539228668,1.29754947818582,1.8380569508862799,-0.288184438040355,8.40646651270207,17.6322418136021,0.837004405286366,9.4,5.197949979695959,3.63292585514808,8.946666666666667,8.896666666666667,9.086666666666666,9.253333333333332,1.117178801582952,142.44,-1.7353602869429219,0.7630314229057467,7.865878689032613,3.312141722989992,0.5421917114286758,-8.063835188033774,7.608363548830255,77.36666667,-0.0014354061585220076,28.945774619445874
2016Q3,2016.5,-5.999550157609335,-7.587980276564643,14.4166666666667,7.25,0.002749041489719795,-2.9095946030082587,1.53999304364516,1.1216963649638423,8.25763831544178,-11.8449083936941,-1.32762312633837,-2.14067278287464,11.2666666666667,-1.4243231780367793,0.614019682452957,8.836666666666666,8.556666666666667,9.286666666666667,9.536666666666667,2.141241872763544,141.91,2.2963596562794786,1.0754707875104907,1.043982136160082,3.1213681046732944,-1.209533656319788,-0.42921040419292567,8.460427827498762,77.5,-0.00011700810312621247,2.8565043309995097
2016Q4,2016.75,1.0572075849019313,11.290516975354592,14.04,7.25,0.004809953866504261,5.363186841211487,2.37063110523145,3.3764265327345555,-2.25019069412664,23.2962783953601,12.5868055555556,4.1071428571429,12.1,-1.4984657902827436,-0.646798332094256,10.04,9.83,10.446666666666667,10.586666666666666,1.1946575453052333,131.08,10.191299010330335,6.797143679726436,9.63857245473072,7.783804485884005,-3.139182745164033,2.135542621901898,-6.847521792165878,77.4,-0.0007483188049494277,50.45993843508923
2017Q1,2017.0,3.7249366645914606,7.990503380979064,14.45,7.25,-0.001461324129420053,1.3595809294256966,4.66954354548391,7.681633848941427,3.31642606320724,-11.7992943943552,-18.3500385505012,1.62950257289878,12.7,-0.40504472357438814,0.310050785863246,10.943333333333333,10.756666666666666,10.806666666666667,10.646666666666667,3.0892379686545013,127.21,11.874490777427038,10.582523609196182,4.824426718744945,2.946453291875528,-2.7730013327489957,12.955139472810284,1.7624555058564084,77.53333333,-0.0010569020826321474,-24.799882460015166
2017Q2,2017.25,4.362639399926671,-1.5411435268465112,15.3333333333333,7.25,0.002484385232665694,2.254708157478902,2.47698837017029,2.22437133423945,-4.7960725075529,7.95555555555557,19.2634560906515,3.50210970464133,10.2,5.530771539064716,2.77404791095024,10.92,10.66,10.476666666666667,10.233333333333333,2.4483661225001896,129.98,-3.098271734387059,-0.018052219278241743,5.006065428504769,4.543531428113212,-0.22584756029313807,12.151984755911815,8.64314002971085,76.96666667,-0.0014082700366149497,-16.181298251906284
2017Q3,2017.5,5.607411571084242,-1.847560473955312,15.5166666666667,7.25,0.0018515904292526525,1.5045433278260134,0.683074804758964,1.5824481390808387,17.4137247124157,0.741045697818006,9.1844813935075,2.28291887484717,10.5333333333333,1.1853991307498646,1.56370808678501,11.393333333333333,11.046666666666667,10.863333333333333,10.463333333333333,5.533569021192264,128.26,-1.8940395156516576,4.831946503358653,2.8197891290826504,3.042366421586351,-0.8675261920920733,2.427485091247128,5.978848307422524,77.66666667,-0.0005636639411721766,-58.56978912967277
2017Q4,2017.75,4.961169122933562,5.023099019680544,15.8533333333333,7.25,0.000888157883121275,1.8652565562032208,3.95525497612103,3.927506187480745,-7.2972972972973,15.6109521863506,3.80710659898478,3.54722997210042,10.2666666666667,-1.0892628203122534,-1.30006525184103,12.936666666666666,12.873333333333333,12.363333333333333,11.65,2.254721471441812,120.84,7.7785576062927575,8.007266298194393,3.6810415344184833,4.067356612722506,-2.4342270058323288,11.398821101017198,1.354258394281871,77.66666667,-0.001431605735115217,71.35939895376299
2018Q1,2018.0,-0.06868829785400266,0.32028629761899907,15.9666666666667,7.25,0.00043726789504563583,1.2593251529724014,2.81708958982107,4.829435446458952,-0.874635568513096,-12.6193001060445,-18.2326231225987,-0.423402617397979,10.5333333333333,-1.2336033868383112,-0.827021275256103,13.023333333333333,12.956666666666667,12.216666666666667,11.723333333333333,2.749498088892466,119.37,0.401249347409971,4.638136142353599,0.0701630872107728,3.0260453236312657,-2.916475651434663,-0.35003488313609665,0.8323538401157293,78.76666667,-0.0019051661143737629,-41.26203607937873
2018Q2,2018.25,-7.961562267187716,3.818375892650394,18.5,16.25,-0.0011092904950767248,0.5867739391410609,4.81407437025191,7.966781599950412,-4.30147058823529,2.50809061488673,13.8829560017087,-0.850405875531523,9.63333333333333,3.3928416523657745,2.36811112980487,16.393333333333334,15.903333333333334,14.863333333333333,14.13,1.9470391577655732,110.58,13.387451098611947,10.443210145119863,13.25456073337854,7.451727689611332,-1.948705039115167,-17.457300662383624,10.105741990124173,78.36666667,-0.0014275307582948889,1.1744521869263558
2018Q3,2018.5,-12.281469856147176,6.6781855776813615,27.9166666666667,22.5,0.0010670023758969738,-0.9657990141072048,6.61383230334933,12.888221271563793,15.1363810987322,-3.7095501183899,4.42610652663169,-1.28654970760234,11.1,0.6168877947850149,2.21347746674977,22.47,23.206666666666667,21.843333333333334,18.65,4.493423436626287,90.01,24.788199589279447,22.23355732569385,8.150027664535386,11.133188823487572,-0.6390507767463652,3.498985275474986,7.589743128512794,79.3,0.0007073378549163963,-8.5264651654688
2018Q4,2018.75,-9.10941646103609,-1.40413970214599,30.75,22.5,0.0019188656873731288,-3.50986948568881,6.50499592990494,7.245574655347564,-10.5772439105772,6.88524590163931,-0.71839080459772,-4.93680884676143,12.3333333333333,-3.4898743171174473,-2.10729422329552,20.616666666666667,18.74,17.78,16.586666666666666,-0.14405920340152534,108.95,-1.191214111221739,-2.9826495042618806,-9.160608730895703,-4.130424653881093,-2.3131749454689734,-9.091794698279454,-4.045247168043886,78.86666667,0.0006128123012722769,61.257453942741336
2019Q1,2019.0,-1.4841591062118908,0.10047537664750195,29.4033333333333,22.5,-0.006871465243886758,1.5510826442609371,0.752542771473914,-1.3303209707665076,0.74626865671641,-10.9662576687116,-18.4153400868307,2.36809306190278,14.6666666666667,-3.4499622771130944,-0.650507792767246,18.663333333333334,18.27,16.076666666666668,15.39,6.247809856538211,107.97,-2.881501835664091,-3.364783303214791,12.193223218794813,7.5124312448018316,-3.938444954816736,2.7172119240741033,-0.2138038695925104,78.0,-3.217151300332843e-05,-31.744086766721136
2019Q2,2019.25,6.386894067412641,1.8617797048177565,27.5933333333333,22.5,-0.0044310933489791525,2.245838458389038,3.10022591051944,5.806580087676316,-1.88888888888887,4.90956072351419,14.7671840354767,0.892857142857101,12.9,3.297260810563518,1.10957912730993,21.673333333333332,20.85,19.463333333333335,17.77,8.038613698519015,103.62,9.138740815104306,7.961665443358634,5.881653341424453,3.27482303541089,-3.5786118688201354,2.8393290078792432,7.54176616352602,76.76666667,0.00013636230440764366,-26.058411268453074
2019Q3,2019.5,8.368757834627338,4.306126396842025,23.8066666666667,15.0,-0.001030082401587543,0.5293649712484694,2.61485470334251,-0.4137341855658505,12.1177802944507,1.14942528735632,11.3601236476044,1.24698310539021,14.1,0.9106273884068372,2.30803167874519,15.013333333333334,14.879999999999999,14.983333333333333,14.6,3.612329710436768,109.79,-3.468581726168063,-4.433376049917248,6.514493392933929,4.50051142175063,-0.577866152581598,8.48870306460796,6.850588621347953,74.23333333,0.001079570922720717,15.311794194759454
2019Q4,2019.75,10.099293613744997,-6.776720288928395,20.8333333333333,10.5,0.00025738844127029883,1.3264413173590839,3.48430408472015,0.23768234108825226,-9.7306397306397,11.8912337662338,2.94934073560027,1.27135478744535,13.2666666666667,-1.2710353899701765,-2.10427912306625,11.853333333333333,11.723333333333333,12.05,12.283333333333333,7.42367994206532,109.16,1.9745088767255892,1.4699311544973837,9.79381660249743,7.917877398610784,-3.523475813404423,8.56450000453064,-1.0464446633303481,74.36666667,9.486281727462971e-05,-39.37546507093215
2020Q1,2020.0,-4.384183104000172,0.8435666565764777,12.22,8.25,-0.003467548157980428,0.17694968145534062,2.41445474896067,2.862726419982753,3.54345393509886,-10.6637649619151,-22.3120997640715,0.902314633189526,13.5333333333333,-5.16909990686667,-4.62431306833584,11.12,11.143333333333333,11.773333333333333,11.973333333333333,6.8725640797950405,105.25,5.196339702283925,4.8762851743267,17.630010882275826,9.214568213261032,-3.0961396629554105,-24.407331566636348,1.4283281546269677,75.9,-0.0006104938732482291,73.19082292601777
2020Q2,2020.25,-21.576073816795294,-43.371337372758134,11.2666666666667,6.75,-0.004782888306159605,-11.331807416545558,2.66458495966693,,-15.4538904899136,-18.1892001624036,0.0867678958785359,-18.9346811819596,12.8,-3.4032796962867096,-4.15767715263872,9.016666666666666,9.273333333333333,10.6,11.733333333333334,19.60153393024484,100.31,11.73956184990612,11.563120631782532,25.657882801254672,11.264722243434022,-7.03758440002535,26.225957138546274,-13.829889199294243,76.03333333,-0.0010468827239535471,-124.08973052188665
2020Q3,2020.5,29.336122983634993,25.978928428198778,12.5233333333333,8.75,0.000720921984731346,15.19626827170466,2.7149157427456,,31.6574350234342,33.5980148883375,25.3142609449502,30.599520383693,13.3333333333333,6.365889118809154,6.92340613384466,12.32,12.693333333333333,12.78,13.063333333333333,11.674887749511242,91.01,5.048105647333534,10.985951875797406,11.162244511385566,8.671972261454286,-2.0585067507865076,-1.7321434242085765,30.397470605641885,76.53333333,-0.00047379100539615205,80.78674266857826
2020Q4,2020.75,-4.32272710013244,15.739835741330666,17.4166666666667,15.5,0.004445709432472999,1.4546774176274369,5.10370986618536,,-8.05825242718445,13.5586924219911,5.77654790729852,3.19500550863019,12.9,-1.7892539057291934,-2.19923603494573,14.166666666666666,13.71,13.143333333333333,12.846666666666666,-4.191862128638135,90.48,8.683697937150136,10.668697997251453,-1.6152688686055683,1.6183408462886462,-2.427156916977158,25.420919008958,2.850104557863631,76.2,-0.0004144102484930088,-4.104924142499389
2021Q1,2021.0,-4.056266892845706,3.611972341985492,19.7166666666667,17.5,0.0038855799680961507,2.0135376459453624,4.29442502867647,,1.12636395635341,-9.51913640824341,-13.0477436232832,3.06049822064061,13.5333333333333,1.1988199591257853,2.04663663257217,15.82,15.346666666666668,14.823333333333332,14.543333333333333,4.68759256776714,95.01,-6.357321081602096,-5.224426444311225,2.4781674474425586,5.629445769049113,1.0985951904645894,-5.927583453696439,5.8966508525728045,63.46666667,-0.0004751696981942779,-27.264419508724025
2021Q2,2021.25,-2.920015694182432,2.9690103313173566,20.25,17.5,0.001605570688154455,1.6977391693883348,3.99153583442138,,-1.28785241907417,4.48300795372379,11.7713426100038,2.03729281767954,11.9,3.7874862372713203,1.81674640392844,17.69333333333333,17.779999999999998,17.886666666666667,17.406666666666666,2.1519408876432777,86.37,12.617904447892414,12.514435075353969,10.218011213923361,6.720278878174568,-2.840481343151728,-2.5757682029296625,11.178891943044178,72.66666667,-0.00030992169809421704,-28.271928310965233
2021Q3,2021.5,0.9251732228777954,1.940596983715892,20.0,16.5,0.0022273824846768407,3.5825560037784143,4.62442403438782,,16.8547249647391,1.1764705882353,6.83041722745621,2.33502538071066,11.7333333333333,4.140507229331458,4.09561500908758,17.80666666666667,17.73,17.333333333333332,16.923333333333332,4.419418704365796,91.28,1.8736605951010787,-0.2333996705733199,5.627669417874159,5.930909289171993,-1.400913055840037,3.623624201887665,22.31412683788676,75.2,0.00032942247353964224,153.628150567714
2021Q4,2021.75,7.79130093302367,11.415753234023107,22.8333333333333,12.5,0.004861470176955491,1.5548082423814336,10.9061136661898,,-10.1991550995776,16.9972640218878,0.598425196850438,3.33994708994712,10.9666666666667,0.554275179152075,-0.205587817283083,19.746666666666666,19.99,21.37333333333333,20.776666666666667,10.734055924600483,70.0,26.90894130075452,23.624968977578533,36.616869209728975,24.610326291389484,-5.810165574552554,27.828611047976093,22.41954148989329,75.56666667,-7.017632806169051e-05,-90.89938504098791
2022Q1,2022.0,-2.6009379120662146,-0.8322658199729105,23.8966666666667,12.5,0.0035848174018969776,0.21250796209120182,28.2867209278774,,0.571236559139756,-11.4586378251973,-13.149655604258,0.639999999999934,11.6333333333333,-1.342188721912141,-0.638933756900634,22.15,22.716666666666665,24.066666666666666,23.173333333333332,11.554302653279436,78.47,22.141186943827805,20.40512591634296,7.24886805589513,10.960745604835864,0.9263355764188851,18.41680641937078,-3.141715512125387,75.9,-0.0006933791730722109,-42.51553821656433
2022Q2,2022.25,1.1312904975508076,3.7606189230295684,23.1,12.5,0.005417677345700698,1.4044897474414952,16.9374272893468,,-5.04510524557301,5.64542753383955,4.75847152126895,1.71701112877583,10.1333333333333,4.477169246975254,2.86334147653346,22.836666666666666,22.33,21.316666666666666,20.12333333333333,8.264006790918188,78.45,12.514297011188225,7.5109503363929075,11.852251780868528,12.030123029371964,2.094680222629585,7.4219268260967475,38.55924290302788,77.0,-0.0003253900685556451,106.989236601569
2022Q3,2022.5,6.479586234201307,-3.8584025883933393,27.8333333333333,10.5,0.001343857496202303,0.5407419770076416,8.85146298566329,,11.576354679803,-5.40625,-4.23262216104613,-4.59518599562363,10.1,1.2754537535742294,1.25057694217725,16.766666666666666,16.86,14.0,13.81,7.616418410746206,80.16,12.694957081128422,7.049849449704215,10.566143991892218,15.08877096493606,-3.0958067986745883,27.917847162779275,30.135583198489968,77.83333333,-0.00014819085509334623,-79.49298748698882
2022Q4,2022.75,4.380824799886973,-2.7898930898096808,33.3333333333333,7.5,8.281043875779487e-05,1.1419974552696388,8.62196718207845,,-12.7719962157048,14.8331681532871,6.03665109593968,2.52293577981655,10.0666666666667,1.2606582419934398,1.23397662455316,11.586666666666668,10.85,9.35,10.503333333333334,9.17761250468736,81.52,3.712330587225532,4.8606878804492215,9.234768845896468,9.363414033960638,-2.0448859455882955,54.953410931933,9.256981777690143,77.8,-0.0002225699526258147,31.775526074020455
2023Q1,2023.0,1.6830066325651316,-0.7325121833746451,38.0,7.0,-0.002249772649137537,0.10110699443686144,11.6251115632071,,1.51843817787416,-12.4280782508631,-19.4171467299221,-0.735059124320902,10.4,-2.2430217960973664,-1.84308025535796,10.66,11.68,10.023333333333333,10.273333333333333,15.888478241140547,89.01,1.3603130139957287,6.4257053800457875,10.662692618464575,10.006002795147495,-5.784662544733487,-13.510611518066007,13.051014769085612,77.9,-0.0004996558243098772,-47.36996630214891
2023Q2,2023.25,4.226204941969947,-0.8283568050760692,45.3333333333333,16.0,0.0011911558424015005,3.920222381730376,6.39833519986215,,-3.73931623931622,2.46386333771353,4.66778805719096,3.67031551835158,9.26666666666667,2.0892022040431613,0.801363479311176,13.93,14.03,14.796666666666667,13.056666666666667,14.255410248324196,77.01,9.10444759711555,10.508828579074159,19.059040692781082,18.110301843385557,-3.8423997149186593,17.947690260868754,28.110016647061897,77.33333333,-0.00019647360688969116,28.678400324009612
2023Q3,2023.5,1.2229176770441441,4.634416222409854,53.6333333333333,28.5,0.004868812606622771,0.23885816164099793,21.0756965055171,,23.6034036256012,5.19397242705996,21.6954600241061,0.652173913043478,9.26666666666667,1.6835101834884902,1.7167233627039,20.25,21.236666666666665,21.586666666666666,20.793333333333333,10.463989525578299,82.98,25.973738149790428,26.047843829428263,6.698333733731232,12.922327575302361,-0.31397198967941337,36.967336873614975,24.855779835854364,76.3,-2.5600142365605635e-05,-31.592996432089926
2023Q4,2023.75,-4.120299786115211,-2.9847713673269993,68.3333333333333,41.0,-0.002821641598521234,1.1602247010664257,13.1614418654223,,-14.7859922178989,8.41206949100883,2.41003631561572,-1.60444307312555,8.63333333333333,-0.06774845912875804,-0.753257271339693,34.99666666666666,31.156666666666666,26.613333333333333,24.776666666666667,11.530320983472464,82.84,6.10441926580898,4.85080089889296,6.0208453029062525,9.919738054890814,-9.941318191703735,-10.95372223766038,10.288974553539632,75.23333333,-5.322052397668453e-05,70.18888971435172
2024Q1,2024.0,-4.047225370034013,3.50594025448121,73.1733333333333,47.0,-0.00046424395378682527,0.9706831074490552,14.4484108003893,,6.00632244467861,-10.4020241776779,-12.0245003223727,2.91627469426152,9.26666666666667,-0.022176515785510276,0.62658179089402,40.51,33.33,28.04,25.2,10.720307634040083,87.23,8.110620188767959,9.107789147739886,14.66197020765172,4.87950752560522,-6.896292559283564,20.200383781436138,16.600534940608114,76.16666667,-0.00010673669701425769,-53.696989264520845
2024Q2,2024.25,0.7860624847021214,-4.174973374600732,75.0,47.0,0.0015464657622422317,-0.19615000772645885,9.86337752950035,,-4.7713717693837,-6.52651396297457,-0.513008427995594,-3.7781840341255,8.33333333333333,2.1120308328154813,1.1560415006706,38.86666666666667,29.766666666666666,30.10333333333333,26.34,8.55929904161421,93.0,4.53845555648269,3.7240133371839512,-0.08974012668012676,6.546390255645562,-1.0226668719049938,15.244069571126317,17.112855750706046,76.5,-5.067828268845102e-05,27.862867465706564
2024Q3,2024.5,-1.1549501817603058,3.0707457571145014,72.3333333333333,47.0,0.004421694083203398,-0.06707634865072976,8.29769234384547,,21.1899791231733,6.47868412218864,12.5966850828729,-0.949968334388853,8.8,0.8991253587880443,1.38529934463175,38.266666666666666,30.71,29.763333333333332,26.643333333333334,11.689542265903796,94.11,3.494173781329435,5.371101124965882,11.17320056537352,7.504991048309151,-3.0025489513754424,-9.677181579206362,13.320091250626831,77.2,6.798080111048239e-05,-22.003451039101307
2024Q4,2024.75,5.036631093544486,-3.374264102432889,63.6666666666667,46.0,0.0021091380273394636,1.6738139737830338,7.69081588369323,,-10.077519379845,14.1551071878941,-2.78050376185802,3.38874680306902,8.53333333333333,-1.0193973164125403,-1.30416270376678,37.85,33.056666666666665,31.386666666666667,27.653333333333332,12.565832685333689,100.76,3.051081610349149,0.31798002247858115,2.2654795474476686,6.31336225411907,-8.85317082512264,1.6904088026803876,4.157955253225154,76.86666667,-5.0278214160130705e-05,55.50652747653437
2025Q1,2025.0,-1.1119677651462823,3.856897374396162,64.1666666666667,41.0,0.0032860929056271124,0.9832704324674424,9.03447937143998,,1.21328224776506,-14.4159072079536,-9.99327052489908,1.70068027210881,,,,38.11,31.8,31.066666666666666,27.42,14.792063996474525,102.55,4.726179213475712,3.15689273171067,14.749180380922056,12.306833215013668,-6.5473416571154885,-1.7556084452536425,12.75766167896748,76.6,-0.00011296844962545507,-26.90475577601754
2025Q2,2025.25,,,61.6666666666667,44.5,,,7.01136162825752,,,,,,,,,40.983333333333334,34.906666666666666,34.87,30.97,13.300865021798813,97.42,6.740127351728775,14.240937272057685,8.413199362837176,6.804698069950987,-1.604885855563333,2.948297466553562,14.440750565113802,75.83333333,-8.104783902959458e-05,15.881970267236412
