time_label,time,PC1,PC2,PC3,PC4,PC5,PC6,PC7,PC8,PC9,PC10,PC11,PC12,PC13,PC14,PC15,PC16,PC17,PC18,PC19,PC20,PC21,PC22,PC23,PC24,PC25,PC26
1998Q1,1998.0,5.115749930272045,0.9717176593792282,2.694178672191595,0.029769470910058438,-0.050394834242036196,1.5495399366027274,0.1236088452263925,-1.6543591143360443,-1.037333324161353,0.08779999482209006,-0.40036408381229815,-0.20724329394057062,-1.3412437133646211,0.44713010778588014,0.8625435117748617,0.4340172007725358,-1.230236341254055,-0.47914026316186226,0.36975473098699824,-0.7069574183607211,-0.12502203627785222,-0.23724214418319292,-0.0190574594883185,0.3716687784205925,-0.11264230869049562,-0.03001004976642292
1998Q2,1998.25,4.826811355627042,1.0790681423917268,1.8974913271989002,-1.0954561444054498,0.28264267030297496,1.5200563912006553,-0.48647253839983995,0.7416991759794367,-0.2004991880105039,0.4381768752396938,0.3504283625860377,0.8476489375712399,-0.7817994026015643,0.3483547154978899,0.30975160978602995,0.08093204892006677,-0.4064657558544207,-0.15709334504896952,-0.10652555827460622,-1.2169084056334771,-0.2222804790504764,0.17926195974188405,-0.11730293095993642,0.27177353541649535,-0.03226103134988735,0.1549569944790285
1998Q3,1998.5,4.453666179618546,0.9094310495166229,1.2580294036356876,0.2812137786360879,0.24794921255753566,-1.591313105373737,1.8767648645450572,4.0599038420650935,-1.9062644628270604,-0.4767202362157886,1.3924868778337638,-0.395718108126919,-0.14300420308158984,-0.06686299664464108,-0.11653994163649974,0.2634531348107106,0.7224994620992788,0.4041823782261593,0.7956253600375264,0.32320868200995945,-0.06271376361508624,-0.2820697490566453,-0.11830357348154073,0.07631452794758226,0.07874861393140814,-0.020679928233913715
1998Q4,1998.75,5.854504578684044,0.13861505999435247,1.6393542142917201,0.4260611550696386,-0.6352693985860007,0.20368125099057657,1.4262950262665421,1.580521129918014,0.1995644658883145,1.1497528669571084,1.8194779394558922,1.184699857542893,1.002244656890525,-0.740934990078001,-0.09241551601639089,0.6177973729674604,0.02102259644969785,1.4141460507867791,-0.723350384393509,0.2969460596819943,0.392156066541302,0.15224975859347878,-0.46327822810580493,-0.2852314080727624,0.06617935471288801,-0.03366035406546321
1999Q1,1999.0,5.9891691347320295,-0.5313295689162673,1.4618228888285483,-0.08692584226887885,-1.0221746753189846,0.8510192182597167,1.8613304232071832,0.3042301003569126,1.3139243004237897,1.2145948572260605,0.34942019426666177,0.253307772315486,1.4599258120968932,-0.619432321705653,-1.384691237221449,-0.016766428681496297,-0.5177695904496122,0.37960395333007035,0.09810515881937516,0.04288682128794442,-0.8551341965777265,-0.3999340859907215,0.645315715315021,0.25737221660874804,-0.08391617392173056,0.0023007819137881146
1999Q2,1999.25,3.569487226496574,1.3918325574189552,2.8250021730943717,0.39633311092292617,0.0742123171300265,-0.407823743874445,-2.078728635545023,0.8423451516365492,0.9890902914956862,0.3507668689825586,-0.8178452389503317,-1.405361444676764,-1.9423827127248403,0.8010424630102735,0.4181396802057452,-0.784945491416576,0.1522721268565582,1.0948045617440048,-0.787367374127832,-0.9129198886381055,0.1614048875041213,0.06496290066639737,0.40472683206548477,0.3129799244294078,0.048641838076707654,0.010345115853339346
1999Q3,1999.5,4.871801301000025,0.14244872326477362,1.7488615876326141,-0.6010756105621291,0.15384982511778722,0.043621806456969475,1.3774916818666816,1.0842502962167662,-0.07872363546749506,0.5367383889893917,-0.49880261398576325,0.4635474199522904,-0.5705747344424078,0.47309625609136924,0.12180040704669814,0.0371593811515826,-0.1799988453529162,0.14177590816811841,0.15149158611469796,-0.4689932138181478,0.011507866864768542,0.28262037087125863,-0.447356364212593,0.3285262386280138,-0.05878776154850833,-0.021306437847681707
1999Q4,1999.75,4.7471247556979534,2.445462663584869,2.769427477645712,-0.9489569979883572,-1.3490444885863615,2.820892609694987,0.5172193188476815,-1.7983418536398255,1.4411354573795656,1.0426187648070788,-1.6295027010950354,1.0141993481474094,-0.48126403678587293,0.34011338618154435,-0.7027032826506304,0.6460160130426701,0.15715018711998202,-1.0509699635041045,0.18230318045634056,0.8903938131423911,0.25535908535452645,0.2562421369742855,-0.07177736581778463,0.37452432836628696,-0.07755757959758343,0.011609672559005232
2000Q1,2000.0,2.4443804643624287,0.6195459523154812,2.808050983995965,1.5055984385054755,-1.6738087848158467,-1.086631725194606,-1.4193249645871402,-1.9590899039295253,0.04149978967766561,-0.38435271083470135,-0.8826870662469974,-0.15458881541416283,-0.2638270658123333,0.5273620794542004,0.597382976776213,0.5224026005066434,1.2876077549771554,-0.6442982354782616,0.7619811258553444,0.2179141164192578,-0.4280683566889907,0.3072817739171301,0.20968059997460672,-0.14833034398427997,-0.03231664196073589,-0.08175678274440003
2000Q2,2000.25,-1.1233503599377475,3.2556484261028666,1.0445676226899612,-1.670204996830763,2.9349608120789017,0.18505994042423335,-1.9127287329501739,-1.0642255566908647,0.14470599432071474,-1.8078610311908039,-0.08313166099104223,-0.8598574775163238,0.9603730957870417,-0.3063441535472398,1.0940343120169471,-0.07475542508025496,-0.05956687810687253,0.0011175720734273305,-0.30657865657830236,0.7224652481316778,-0.0979197216201889,0.1940704530523418,0.40259281182985435,0.0840657942375649,-0.05343550840810806,0.3896567714633154
2000Q3,2000.5,0.17520758098599815,0.7874808615287875,1.3122096372585512,-0.07846760294442344,1.906111831892875,-1.1053442317042372,0.734316312741869,0.4383014325081313,-1.305034043965897,-0.9316986212542966,-0.07192004673952143,-0.08396551848059822,-0.33942137641637776,-0.9565156181154919,-0.1059511726965734,0.5190360002974622,-0.5619368664540352,-0.242911795541501,0.402387071196831,0.32060951861734405,-0.12397347722118905,0.1172219966547483,0.23227915647780023,-0.16158046452820848,-0.1626856464958923,0.03769375191461946
2000Q4,2000.75,4.020209899493995,0.8533977861420478,4.390875912451318,1.316488370511315,1.7718717668965762,1.1542273220929238,-0.4575262873783191,0.6738273842556767,-2.0135963232923824,-0.47556323241823706,-0.1363030723788899,-0.8256687440473159,-0.9599199064891587,1.3880624748604846,-0.10287718880659664,-1.1692524539262836,-1.5845355465868922,-0.46418800906354885,-0.9617409454246327,1.8643863848741002,-0.7911643546200445,-0.2757814057892918,-0.06322640184848986,-0.9000976186090882,0.27694924272921007,-0.054460157777591285
2001Q1,2001.0,6.690661121476786,-1.6998811372741482,1.4572454014170124,-0.49665246099719473,0.4038052880055695,-1.124821429439112,-0.036323200524054244,-0.32988509055022514,-2.1326354631003275,-0.8811280793471419,0.43782410912147884,0.1454953415312385,1.475702872147048,0.14323425730989817,0.8538251006087617,-1.5630943072082177,-0.8030162260807477,0.01853876230496016,-0.25565116167011426,-0.7481112370432766,0.9002849568213622,-0.23030731409362848,-0.23621436764220446,-0.004237992213329966,-0.09374716332587328,-0.09398819744017846
2001Q2,2001.25,9.82747689948904,1.016359135825179,0.5007288020937588,-4.238086279151292,-1.542120375630603,-2.9407062865827385,-1.7589764102246994,-0.22791186798915,1.4082848115029698,-0.22359916205139382,-1.7511656449244737,-0.02154398805121554,3.0088866528846956,0.8855186939749193,0.30732144952769347,-0.7142882113149781,0.3764272174622365,0.35961547625115353,1.0821113017143573,0.029050221210768636,0.0882580815175006,0.4623487648200087,0.13983519785259935,-0.20241331202060883,0.19170523659887181,-0.03329409229749286
2001Q3,2001.5,3.594193265046492,1.5279230908373675,0.87014647538053,0.48284563597862346,-0.911918415451085,-2.7623450668767435,0.07328015285571675,1.675403283092548,-0.7415744791336847,-0.7528379182775108,0.69377054422869,-1.2537487408802543,-0.24741504001525594,-0.6007294256893864,-0.5365717041972968,0.33215912169450196,0.5634257079192455,0.08439947068932271,-0.17864410198725678,0.11138646206239032,0.037460612377141204,-0.1628382325715771,0.10519873935355431,0.24554855004205833,-0.0783803413548007,-0.027529088219625724
2001Q4,2001.75,4.726011777827815,-0.20479425680434196,1.548957700787684,-0.6808371494773972,-0.2911095066919101,0.2964207172376429,0.6427737679238611,-0.7937860553350307,2.032800484589403,1.3003369554123814,-0.23843463109153482,0.18969818062851568,0.42573633045074943,-0.06717583675518005,-0.09923223942496641,1.0069236792292295,0.19794607831490543,-0.05629089789146654,-0.5518880618832362,0.3138061637045236,0.33398985154909555,-0.08461018138084005,0.06593060154970368,-0.2445250110576198,-0.04393636472871193,0.019095866289057448
2002Q1,2002.0,-0.43871179746131805,1.5619731378668542,3.2912866955777345,3.5485700610412594,0.29632211792157476,-0.11033710798541853,-0.3017071772871818,0.8497028773317433,0.8684213249014392,0.41333529048183537,1.3253324089579002,-0.45341809296712504,-0.13772577995091279,0.2010219494733674,0.8563813450060621,1.4253643800840186,0.8575539347005618,0.1565206649120235,-0.12222276661768194,-0.1947651981774067,-0.7104642951282591,-0.2746827389298393,0.0804976739077044,0.0485227252536123,-0.13310183968900857,0.12224543257264904
2002Q2,2002.25,0.8837738101964748,1.0078262728435898,0.9986778930329849,0.22315499465478036,0.3776518877745721,-0.060118635082052424,-1.087279611512471,1.2927353038057947,-0.7198844481268277,-0.7078271882764449,1.3108874085974023,0.10002044939244602,-0.039629154496353666,-0.5112877537240679,-1.297191190648561,0.01520160589762817,-0.2941451101960344,-0.6876730568181024,0.10569389925841995,0.2674646855676059,0.44173703736021896,0.3302635439481531,-0.1868990790205406,0.1753553291657312,-0.22328813772660838,0.09224079181054443
2002Q3,2002.5,1.9448120708803946,1.6358655387981684,0.34529946704869363,-0.23391313270148376,-0.9193898323863474,-1.5833883053323712,0.3664032626645482,0.5330860322661823,-0.31808352534216383,-1.0235136799619242,-0.08675309534819522,0.1729507535786333,-0.378225158379614,-0.7616439875247099,-0.8226987620641694,-0.6971763917262249,0.9295378583860263,-0.24384636329801923,-0.765489638546904,0.11940170519929032,-0.1367764585006832,-0.6555044325837749,-0.10796314876346419,0.18328242870485997,-0.004359020359556368,-0.011796376377299576
2002Q4,2002.75,1.0356310791993233,0.5698672534307122,1.5377353064932768,0.8258247849542384,0.261709534353936,0.6589422782195892,0.3465860561344203,-0.2138895979695216,0.7936024716380286,0.14011294660559512,0.7044002791469165,0.12321978924384774,0.2215724273525346,-0.09175771705092389,0.15378687897327883,0.4796497927393926,0.45036413858457164,-0.2550555833697373,-0.24772454184174525,0.2895513286956196,0.1462030059518246,0.13809878961764502,-0.09295933305103872,-0.11873905654328147,-0.13098944252651015,0.03442473249244226
2003Q1,2003.0,1.0259217289823837,-0.1352853078349783,1.4008350466249493,1.0862397887507207,0.16014583819621436,-1.6207784405281127,-0.4964453369544184,-0.7509197608718482,0.44978888127505745,-0.4150759944236536,0.18674784685255244,-1.2620707813279302,0.08277561972124702,0.20595669686197346,-0.231565497414986,0.625669073040649,0.03468076510275156,-0.007102672448701314,-0.5340723077684554,-0.5461503347604397,0.20564377045684396,-0.6178775718268337,-0.04280105386087851,-0.15047870516985049,-0.10387035450622152,-0.007901856230921007
2003Q2,2003.25,-0.22547469917379334,-0.5275561736078725,1.1077443553105213,0.22142527934176479,1.606839819001249,1.3515501231016454,0.06053827050044178,0.6427908442848906,0.8327575759803915,-0.08244911746649898,0.602243145388821,0.13842594585211374,0.18649246270180658,-0.08791712174435859,-0.3188804450754844,-0.7274189733613994,0.16818017215498357,-0.5832151426134925,0.40546896489950823,0.482766400128777,0.7185742071847218,-0.15921844403327198,0.112504807488766,0.07522784417066898,-0.2214616012732637,0.058897144865316456
2003Q3,2003.5,-2.2160877503895255,2.579370824913605,1.2426302007981718,1.0026409242543934,0.7355934682920918,0.39480974086509957,2.0641932149866706,1.8939971426891316,0.9284657995137221,-0.26625161545364223,-0.4039068496793141,1.7255895963760344,-0.2198607043245818,0.4418397763156269,0.4688318893326582,-0.42401409127166517,0.35558217096446004,-0.26307575111353354,0.47533182007055136,-0.6850395317208078,-0.5698806271635503,-0.08403799646781238,0.03999180934054295,-0.23466247266511756,-0.0697847847108815,-0.011112847746586016
2003Q4,2003.75,0.07193903698812268,0.1054140012930561,0.5367490842435029,-0.4280977350733745,0.18587660384554483,1.2709830429874263,0.3812987801903685,-1.2474304653049773,0.8854017612088911,-0.4264778944582792,-0.08213011773550419,-0.30976171228017396,0.21995719441502484,-0.5627741165274204,-1.2492219286259438,-0.5991886723995518,0.41700563817559505,-0.20889197532069495,-0.4226215342781605,0.2648995524503953,0.2360492606490604,0.16425399027885593,-0.17686198400035053,-0.1323130056197066,-0.08844219286244782,0.02317134354363437
2004Q1,2004.0,-1.4236235805628714,-0.2793008864002965,1.55168789892113,1.3985352103980577,0.667516399741618,0.7369485025308592,0.14018053659092564,-1.527231342019012,0.3639870133537243,-0.4855790585406167,0.4260347731637658,-0.43532249725515515,0.559356274928861,0.18963576754584455,-0.20119433585183089,0.23868960101758316,0.15932966473538035,0.37123317454122023,-0.46915787320922214,-0.48265948904254746,0.6483999714919451,0.2215463622067822,-0.07241372761516046,-0.46541992337122967,-0.12232156901714279,-0.06567131045962293
2004Q2,2004.25,-1.1250878683218903,1.311732202524972,0.1873277190940166,-0.8768018217969967,0.8176917204947913,-0.557731388198309,-0.9752267386916658,0.508118611241049,0.013895724944754646,-1.2122106975083093,0.2546901942672618,0.2557154183833872,-0.25194694410726853,0.5040135670174919,-0.5616117733643411,0.25976675054063525,0.40414122179566636,-0.2237804827051156,0.027389545156165505,-0.12377951153315223,-0.32068707597601687,0.15772019200936496,0.32629979335387055,0.08425807814821364,-0.09977413577332774,0.015393337084859559
2004Q3,2004.5,-1.1408199404474395,0.4987950543925516,-0.36125127509871635,-0.7003282605780178,1.024990811093937,-1.0256448179414803,1.7886994430988254,0.6369004791016503,1.0562578242506275,-0.4556810005610767,-0.6400676730362865,0.9729027675284777,-0.24478721059429429,0.3034051585202549,-0.005904604449975442,-0.19542770872392673,-0.23607741446762162,-0.2696959223837401,0.02925486508564436,-0.43754773732190233,-0.4897099000524032,0.2939925164147437,-0.512914875644699,-0.24213304355671456,-0.12340428883069071,-0.059472247677365656
2004Q4,2004.75,-1.024955756419721,-0.811349514570638,0.20592234266041554,0.24365529648266593,0.8645179799900949,0.20365804409399654,0.0962630827316723,-1.4644595913643679,0.7852805239360016,-0.6056114450409731,0.6456259383806131,0.3889381965306793,0.3787598832103294,-0.20135328907639338,0.18802826461419783,-0.22318222922838865,0.5410793216307036,0.07480244883556371,-0.7419875488311511,0.5436706238324696,0.4024703203440113,0.1153558354110811,-0.4913353473104459,-0.09577373314400137,-0.16894336412559938,-0.054812736527226506
2005Q1,2005.0,-3.2830990129582123,0.8275018020696975,0.8084402930640668,1.618469584267836,0.7695873445477623,0.4958854750063101,0.0727218697681522,-0.8850626971462058,0.6705211688490319,-0.9668615513652299,0.6059848658055523,-0.9025771799168338,0.7672822904031427,0.09094271382301658,-0.8646770860092091,0.05904580500754576,-1.1082536184498208,0.40765614687333224,0.9708895469884301,-0.574439458736518,-0.044143427318331645,-0.24392357953275354,0.3462874988493294,-0.17663586219700514,-0.22186746511225022,-0.09034999443422166
2005Q2,2005.25,-1.8705627429627456,0.2310025906458074,-0.15491235340239695,-1.3230225534073308,1.9943957143433446,0.7768754710057829,-0.23316559570101536,-0.07501662604112504,-0.2557556336344422,0.3847347253506473,-0.33837826006390226,0.04414385672476993,0.0011031001993999183,0.1001020011464795,-0.061094815461274106,0.002718218744058903,0.36090534020053927,0.29809712897035706,-0.17710856275597608,0.18157604358888146,0.13144627799163403,0.03413125782136815,0.4414391552886477,-0.050410398142431895,-0.181917541096281,-0.044903532198584645
2005Q3,2005.5,-2.7079458478605583,1.001258825112107,-0.5775371308670237,-0.14364971129716333,1.2217951456109104,0.14465186376857758,1.4736037114523888,0.05598406332251283,-0.3624349306836477,1.6130237516673933,-1.0431143635719322,0.16088714407283827,0.9082537909720867,-0.05728376309565471,0.37952493587544994,-0.2744361579504365,-0.11906776996085265,0.4602574473110279,-0.05055243140172973,-0.008026602352803683,-0.20642312076486302,-0.18086943910548553,0.34952222791744575,-0.3154377650356521,-0.26209919893763667,-0.1725330460863943
2005Q4,2005.75,-1.0927680303075564,2.850434340377081,-0.08862154319263382,-3.09732822089057,1.312094483214097,6.462483217055826,2.212610263440287,-1.174102682427536,-3.410924249664268,0.11278139640972715,0.590151144554584,0.3132664265357125,0.40325646762852774,0.6199071108684397,-0.06798733865028037,0.6372365898830322,0.46519165680202373,1.1984417990683232,-0.1422426019393044,-0.6259607289110602,0.3261054697053009,-0.008918440265963955,0.08132817613031902,-0.0499415208305729,0.26570934958025466,-0.07302348820726925
2006Q1,2006.0,-2.3610836358510636,-1.6343209325307326,1.2027095370745908,0.41626871931476545,1.541773405981499,-0.5346427388304831,0.6935011676032762,-2.3163550518477782,1.6125135595506621,-2.737193599177638,0.6045071744373927,-0.05613361239078918,0.15640970500399565,-0.18030429805107434,-0.08078913391650393,0.0643810749346681,-0.5584720691639358,0.8722446271801991,-0.456774585809404,-0.15952608661003279,-0.11456980994044093,0.025907975530142013,-0.229240363766947,0.1285421837881646,0.11550648342025356,-0.22918675658987717
2006Q2,2006.25,-2.054645522511727,2.372645585627882,-1.6486891751688613,-2.398360766636729,1.7377866374718256,-0.35880223964235813,-1.2605222943516219,-0.7426383386699811,-2.9062371074329825,2.496334813070368,-0.42480416164438367,-1.236805216757166,0.3975944202361042,0.1856406211127678,-0.18949218570632387,-0.07323264399914228,0.6319595739988088,-0.17659749345748713,-0.4893313876364063,0.4584339386808568,0.016739218818091175,-0.3843539809998178,-0.3248693920991863,0.21878155430529853,-0.06578702666013242,-0.04902803673701135
2006Q3,2006.5,-0.7139064408687892,-0.685434317118653,-0.2858289012053195,0.39117373374542036,1.5509252570302683,-1.8937921598121512,0.7572358193840799,-0.050837519984531974,0.3142256034746676,-0.29541061557805787,-1.0837762685972956,0.6891631493207775,-0.35554198303273066,-0.15232273391346826,-0.3173628788828724,0.4774477869279485,-0.22270394419282658,-0.017974033612709817,0.005643749813102604,-0.4609769497170339,0.08589526609239569,0.06542380903918718,-0.007917824281517107,-0.3467413707221075,0.2454307982580659,0.06472933826787013
2006Q4,2006.75,-1.2492856284884635,-0.12685236263146382,0.32362680966278223,1.7373994992070667,0.5417515219378926,0.739613319997921,-0.9184297304880809,-0.46350818902196267,-0.6548583354661306,1.1371972066548712,-0.02122896033953011,0.9888175409650682,-0.102538011052829,-0.276492228601152,-0.44811685893209435,-0.5610870583622936,0.43096273112147604,-0.23268245448592662,0.38847547235325997,0.013890623381265562,0.3674154780841173,0.12143493901388866,0.1949669899937112,-0.2033215327332666,0.13463870532830527,-0.11032980053860056
2007Q1,2007.0,-1.3316207723432818,-0.8424667169251615,0.849466632476738,2.897175584674799,-0.2981577551513185,-0.13425545465904157,-0.8291686006220355,-0.9904371121641122,0.04804367982066511,0.91858109498544,-0.7817715837484915,0.10833495675269927,-0.2566493863050662,0.08427870044246565,-0.32304041055211885,-0.842950162295809,0.11082895950030351,0.295085270628688,0.31068448016790623,-0.8041798994602344,0.008230902211308696,0.054208111850490945,0.083647981063413,-0.41479575802486335,0.15448896911450669,0.02236087100581205
2007Q2,2007.25,-2.2998689706182565,-0.06970242943634145,0.2670269926066425,-0.7583729506811487,3.222782270558052,-0.027635447180998488,0.18243411771561366,0.0457918118245284,0.8264341472671757,-0.947243282464447,-0.4050701369303936,0.3360034540567668,-0.3199954996801796,0.07413187513625694,-0.29062630420835833,0.7481516114186603,-0.18565448992023217,-0.0018419536207821556,0.3427717736185356,0.021887449846466466,0.13032027244048805,-0.2814629550682759,-0.09208344258836434,0.03896320981341337,0.19206207522622604,0.02125395450144112
2007Q3,2007.5,-1.8763794262922429,-0.7928770807163481,0.19505821477578186,0.7186949635033409,1.376470987558099,-0.5145065259804451,1.0742456551218447,0.49241764591794046,0.2556575355559043,0.8947908339723998,-1.8760996221653115,-0.08424629148594193,-0.254718635811155,-0.15449269281873534,-0.17819152462167115,-0.09748152670966836,0.2207262882542946,-0.012558481497735596,-0.05925747176953797,-0.16775129951247322,-0.13490579535767572,0.16002662631630338,-0.23458770256873215,-0.2540066224760489,0.06683723189364629,0.08900831809405411
2007Q4,2007.75,-1.6954378730669641,-0.5030004416152581,1.7754378767611059,1.6135613857929512,0.048227530050535636,1.1367588172418812,-1.343552902312961,-0.4472828863293009,-0.6466158792332042,1.0477196411849603,0.17265558825787902,0.916729314545634,-0.27672887693440207,0.11591919948690385,-0.6102139775976548,-0.4022722469687114,0.8101990624352516,-0.15416268586693657,0.7445519076482174,0.18247913599539953,0.3517392589943332,0.1718685129714947,-0.45204232086123636,0.02501517802700703,0.09510547171512355,0.026740795141371117
2008Q1,2008.0,-1.2158905210617874,0.013145644351021132,0.7916387979802554,1.8994142161728016,-0.3552486271481045,-0.5379371012202363,-0.7038524928939719,-0.6669795910189975,-2.0337602631025815,-1.1009667556134732,-0.34820817864550496,0.6135173106575278,-0.27169544782436506,0.5695243589938888,0.4740252840949626,-0.21152712910675378,0.9752033040741824,0.29644607228143993,0.21414805729175318,-0.19727839898274385,0.3405538450084887,0.11647488392162621,-0.3643408151829132,-0.08541026659064178,0.1097129170570309,0.06096979373183428
2008Q2,2008.25,-0.8935808105173194,-1.0761594036905604,-0.5093374237725493,-2.3736881750164622,3.9290263176315676,-2.215701124936234,-0.8312003629764447,-1.534401431801149,-0.3948500824187702,0.8924482098334224,0.03159869483014519,-0.5093979934415127,-0.0018428629050841099,1.0181442399093312,-0.9940790500625903,0.8706262493472717,-0.019085213204519468,0.26286835745103704,0.33366034767668257,-0.22802958081972502,0.18883958602262105,-0.7082066935460208,0.013017350217450378,0.18093390361465708,0.036462046066631525,0.03339689851970412
2008Q3,2008.5,-1.364771367700296,-1.8188883921633285,0.18018935151766663,0.5718841733896598,2.1819383328899633,-0.13134356187646928,1.5652123038061643,0.3513313476416275,-0.20686704853193316,-0.01999165682324885,-1.0761727860165629,0.4550435158448784,-0.1435482552153783,0.36906549908467035,0.19862359387268308,0.11038490825132534,0.24035165972589886,0.15172397838315896,0.5834494466453304,-0.03804168798855074,-0.1549102801918523,0.2242409592030581,0.12900063851971738,-0.11209125526390817,-0.010904870279402725,0.19335748665038083
2008Q4,2008.75,1.6243399173142818,-4.140263628360935,-2.0042762539584658,0.02346483085303304,0.39192086116271585,-0.31902354779049175,-1.7932674173688778,-0.13723163946825526,-2.241059338848476,-0.7329467894995456,-0.15823797748830393,1.0972488132547573,-0.6447975551123676,-0.39553552256646046,-0.6706466881767803,-0.6177842860768353,-0.4224303618941164,1.4915286149917881,-0.1770511863808585,0.17427067270126526,-0.5192265018752581,0.6730370699240764,0.13428208353392732,0.22041411341439646,-0.14326565235170352,0.14601686555442275
2009Q1,2009.0,0.6486764373784042,-4.80557234898509,-2.0200241539221317,1.3401130345573173,-1.3341217784644333,0.38783750009404633,0.23066309452284803,0.44141746803334186,-0.7669852198425915,-1.702530581827767,-1.5248379405178174,1.5414856779347317,0.12176299854456042,0.644604285517971,0.8318240549471283,-0.3070915660719761,0.2370742497740854,0.4729929638556923,-0.3335990291889517,0.5124660909311395,0.26919272047477244,-0.7034227446219242,0.12312996274798653,0.06627914199389913,-0.17694392659938699,0.18059073247568647
2009Q2,2009.25,-3.482139420619243,0.6329495985293331,-0.4124506383484384,-0.9261644183036967,0.737738142569323,0.46592092814895075,-0.12109369264119699,0.2974397615758959,2.6559193638689145,0.09761205273858037,-0.30000981813105027,-0.4089296029713408,0.37106281840393157,0.8776937128260915,-0.787495450911884,-0.24246599012463546,-0.38577105608683554,0.5975812078006727,-0.021175367548133792,0.40141161305393985,0.0867961323707771,0.06408563594215376,-0.5348446694803547,0.2701184923509922,-0.15618189720035977,0.0477743362373975
2009Q3,2009.5,-2.9024579571894114,0.5247982061212942,-0.5781726380401323,0.35008489678695354,-1.0862329610617218,0.6976899566864693,1.2440652353023602,1.1775217382526582,0.9612048578946498,-0.6103907831534789,-1.977216272708023,0.5050646929601081,0.6945189717523428,0.4186362961902238,0.8723563480845151,-0.09375348579279218,0.13266502224158336,0.18418180515072768,-0.10079535480865678,0.18039634920002248,-0.3681525608104285,-0.477175566258887,-0.6725364700647576,-0.03288404265551663,-0.058704035801085803,0.09233410500654493
2009Q4,2009.75,-1.6388877481294426,-1.1704278210169072,0.23361535034953174,0.08312078241065449,-1.4211473158523313,1.1666227844802362,-0.8843278928319619,0.7964389102365491,0.2734991013250982,-0.12808098950233188,-0.25316726684480356,-0.07666546694129592,0.18607807417538516,0.19789118658271368,-0.603616651953861,0.34159624743236283,-0.11470083000367327,0.6205890119947598,0.4170427296347809,0.3259463535912497,0.4196053353673744,-0.2977317109476717,-0.24230976525522935,0.09032255675690971,-0.07005153401547985,-0.15283772287302738
2010Q1,2010.0,-1.324026964276716,-3.447624033644203,0.4160924577932541,0.8411545770332519,-1.0653929878279385,0.7293851325763854,-0.021397387515195487,-0.6057983144639327,0.21179790649399077,-0.3712476254185964,-0.6787840154516435,-0.675795255286991,0.20360225466746137,0.6652386239262393,0.0862413994820558,0.7552904705033504,-0.3726383491133803,0.8105787180451345,0.21835329780365814,0.4293148901477122,-0.07669144366368814,0.19859648180503447,0.11668378837535086,0.29828875637017965,-0.10106495345278858,0.0010333101855533218
2010Q2,2010.25,-3.858358563669857,1.5278511434515938,0.9621715148955559,-0.8949696841150064,0.5455443556263656,-0.10777360419424456,-0.3475649367755951,0.5020841959315003,0.45111346414910025,-0.8591990433773253,-0.19299566791953,0.4616823578449669,0.30574167375366457,0.5388428590981617,0.6662295037638541,0.180072017538511,0.2754620294395574,0.5314111668935675,0.02305370259408389,0.24215748181708102,-0.4695454461860536,0.3135180743596473,0.218081752319432,0.3316128869827611,-0.06893133694788765,-0.3155068103883496
2010Q3,2010.5,-3.1057785561848887,-0.44740653582816226,0.5755574710426841,-0.10291765347237355,-0.6620848127809689,-0.09265378825627049,1.0855355047194113,0.3696791098847841,-0.46220303422737713,1.4362381631039787,-1.7081666804570166,-0.7361038305612808,-0.03688464528365077,-0.11814901877526571,-0.2594352913969982,-0.22495019111369488,-0.07600446292095697,0.08139753787437455,0.1659997920449132,0.24315185487161153,-0.22480452126329267,-0.03479066890211466,-0.28126250333657393,0.2604361799998364,-0.042343797052923265,-0.024616451887545535
2010Q4,2010.75,-2.514998507711833,-0.3301788702576994,0.9139324281555241,0.0010928963228338368,-1.1629975643569488,1.8405233888663457,-1.9714064073752502,0.8577412395722671,-0.49988851447651916,-0.16596726064922032,-1.1098374304933427,0.07972867942895677,0.16890036671122652,-0.19969474576450935,0.24448764384998756,0.4116981254585133,0.12492192405918393,0.07648161426288223,0.33675329514892927,-0.002983132265120594,0.29861457135690084,-0.3772454808343647,-0.4550896709083191,-0.01958545284426937,0.015469383448880653,-0.06962309899653375
2011Q1,2011.0,-2.167981378715577,-0.8441797096185467,0.7318727380084132,0.04074651738141437,-1.3565627678374335,-0.5684185607541828,-0.6965617063322024,-1.6002310055198607,-1.2647845718650992,0.20489875089132928,-1.2248286562969743,-1.2277432618285624,-0.23500555202813103,0.059762014182888665,-0.18508554101969588,0.13894183061772394,-0.01864615219487951,0.06661990878863637,-0.2856744537020113,-0.35846543131846137,-0.13755348358405667,-0.15596417833249737,-0.03589689152066095,0.23029223453766723,-0.014360851077394519,0.02178671755655179
2011Q2,2011.25,-2.9129518962476975,0.4496737977816456,1.3557853275415563,-2.116808816977167,1.460627918263559,-0.6420421288118269,-0.629818708569048,-0.944716182848227,0.36624749580601834,-0.9047379350367537,0.8285707186581506,0.2103124732702507,-0.4635894642901824,-0.04438174522623363,0.17162251882807972,-0.47467021985989905,0.052037717912215425,-0.506149577133391,0.33035994710878186,-0.06596770396829973,0.31003086441566924,0.31153309728632744,-0.5231628753458584,0.28064505064603273,0.046794568194018046,0.057854896469337
2011Q3,2011.5,-2.20970348744349,0.7630505258702557,0.1815109576488173,-0.7860651225077727,-1.0276842223799012,-1.5048462815986698,0.26810745067470887,-0.5327480612645544,-1.8559859188467844,0.35347099416980754,-0.8570154686266481,0.8011458236539797,0.14314363020448137,-0.6444075184505058,0.4539034377273479,-0.26852639109728826,-0.5302328130296052,-0.7732116260508779,-0.08369578539498557,-0.12120112761791237,-0.07588327023076213,0.036724299483061246,0.18347064676407285,0.062548582551938,-0.14209977890427702,-0.12972687081343276
2011Q4,2011.75,-1.0299902526890272,-1.40757485984001,0.5056295634682333,-0.2130852680290819,-0.34433618784397046,-0.2592184729182113,-1.6599018882351075,1.0117567122427598,-0.5560808456634533,-0.06461668570527523,-0.7194556298071477,-0.4051337044504897,-0.5209399934158038,-0.7393068945544992,-0.07580099488946845,1.1400147477190394,-0.5540010225054095,-0.13259703434411058,0.6750709263953198,-0.007164045237951121,0.09752226093473533,0.3887356718101432,0.167127765037487,-0.2086961810513701,-0.04820213706756082,-0.14555028407724338
2012Q1,2012.0,-1.5132586603253477,-2.891230095901784,1.5626867892315408,1.3425556571843407,-0.7883536991134819,-0.16356535531460334,0.086945051105236,-1.0981615593905745,0.2720046320645143,0.776881870221499,-0.6212484980540812,0.03924808813524255,-0.1813557314796473,-0.5370918815092625,0.6515945608501063,-0.2515106359596468,0.026771905246395108,-0.32060308018445755,-0.13367071858980778,-0.147266871266868,0.3013071000210522,0.06457045206843233,0.5291091637908806,-0.07500237076094252,-0.10173192760323868,-0.02894188986229183
2012Q2,2012.25,-3.1910384608561753,0.8069464593431517,0.7910168547878272,-1.4464582524288239,1.3120450460606707,-0.23887745876613545,-0.7182646256318609,0.01948085080804396,0.09473854541137948,-0.4092989408259793,0.5389499971986309,1.0465791860604021,0.7758367447336716,-0.7656375875200203,0.9561147871547131,-0.4330584609114273,-0.026359879014009664,-0.21651601057469352,0.05538545612346893,0.08507043140177355,-0.2558389754202742,-0.2624017106230419,0.24485752635683664,0.14899641073530323,-0.016256510444477474,0.03145507358953818
2012Q3,2012.5,-2.130833056883848,-0.9847911613875217,1.2582916167156093,-0.18405780697711957,-0.19025285301894385,-0.5361355974782779,1.6034362328600944,0.5790159052241364,0.1834461895021943,-0.2977709773066751,-0.38796367344436233,0.2637366438113574,0.047728403781105905,-1.163962066049003,0.09011252961705457,-0.13241317644994455,-0.13631630462821762,-0.22588659830101962,0.0990782311727666,-0.05945427165814073,-0.0337834049277906,0.48955822742744587,0.21468195419677752,-0.18113072314798154,0.0427234241704964,0.020317635045732765
2012Q4,2012.75,-1.8440208446282005,-1.3830134795177285,0.6500606607389985,-1.143963213856022,-0.34105598461650055,0.6087720206829984,-1.3762651057954118,0.8275160105624406,0.24464413616393169,0.7805386327064373,-0.3937980972609586,0.4165003170381546,0.48593647379883653,-0.9868317113755427,-0.04735032090143543,0.4122741136015455,-0.6092827694730598,-0.007484430334351703,0.028149150341904152,0.06404062275675454,0.059013321342899674,-0.18890946571581899,-0.45369792992856894,-0.1477423025164669,0.07463628129595937,0.19600696980620488
2013Q1,2013.0,-2.1075123541244145,-1.624943434119768,1.917160839218772,0.6742218687580624,-1.595378938916074,0.2767660156832178,0.15004547880001123,-1.0311951506351862,-0.1856870860047335,0.48384644587942016,0.031290859113465436,-0.7244135620572978,-0.1123103708913659,-0.9418279026939229,-0.23971261241779526,-0.4549396392652373,0.3463188104018309,0.00724111399051818,-0.04569564539379912,0.12525301666986918,-0.17818239225853172,0.0115778646141369,-0.11426378854061349,0.18579854216575795,0.10994062436630367,0.048094982827927284
2013Q2,2013.25,-3.3039026197490546,1.1761955920032685,1.0682092641205632,-2.026151191089589,0.6146325586457727,-0.5891227807146058,-0.33345136367202777,0.23689900954052184,-0.560393827657516,-0.041205078853385806,0.6116827951227705,0.2659926229022927,0.1086393369229455,-0.45110143046723655,0.5257407901031248,-0.5008336398965813,0.25034066628888124,-0.16306968005851374,0.09228270891510537,0.1265110628147745,-0.14619095319409348,0.035702063515433334,0.04602124246615749,0.2845266417897982,0.08537827808090229,0.03978495092532041
2013Q3,2013.5,-1.2185280315778242,-0.7589961701246266,0.16220892909707482,-0.9111251026045837,-0.7823939936595522,-0.861558901754156,0.8309442209048522,0.3511836368818037,-1.0426043101282323,0.5167106291531438,-0.551282301847142,-0.5246519773390512,-0.1172584298859491,-0.7307611759818778,-0.4436183727503994,0.14781587133704635,-0.021631473985915087,-0.012094691060106228,-0.06363031792505812,-0.29848762760149194,-0.04803823233624175,0.14414372878048223,-0.12306093987983152,-0.08850976854955774,0.09155261571802398,0.06856636548151304
2013Q4,2013.75,-1.3180272834525297,-1.1753842054045909,0.43728629386305395,-0.5212505529501662,-0.7020438292915905,0.1687998214241677,-1.3390889768392573,0.7560434692360509,-0.6477346127369285,-0.15131838772555456,0.11331637070465064,0.38178173059011977,-0.2772212943717728,-0.6231333211237118,-0.1537441262445506,0.37039002658973025,-0.11845903245285717,-0.18922192258295795,0.18019182262224692,-0.2662456840710203,0.4099996550593908,-0.46218046933425894,0.16741341969934098,-0.06305414306295686,0.018643926746804314,-0.02161773030758136
2014Q1,2014.0,-0.9644863476117825,-0.7314371196941903,0.5016549741200773,0.2172446036024923,-1.679045009363452,-1.2281506618701985,-0.4318451585816571,-1.303954775964772,-0.432029838285011,0.19529984707542178,0.3042730983268646,0.24091408622584903,0.2910053977510118,-0.38406222695427106,-0.4116811010171063,0.11111239966235965,-0.10986602693764747,-0.1352644616436935,-0.41105469596036326,-0.19507478409094203,-0.34066827444290015,0.12660691467708104,-0.1958320831854925,0.09168419968057345,0.11726514210266775,0.11208479464033658
2014Q2,2014.25,-2.5330876951529464,-1.0705076850026858,0.678206900545492,-1.3350078252601003,1.344983492477323,-0.2801652222886722,0.4244790186826594,0.22234835445346665,0.9565884688970157,0.41257611016802925,0.5590735325344347,0.3609178377801003,0.2829875198780243,-0.36722991103010066,0.7941341321755624,-0.053088729491315885,-0.10419022953370542,-0.16442599458429996,0.03865859985254564,0.2452550774633375,0.37312522833470985,-0.5043902406784598,0.4955164366067021,-0.0727194294784652,0.022843938002355547,-0.019867874151645284
2014Q3,2014.5,-1.8700694916568854,-0.6803510937826523,0.599765578409864,-0.05861041323825463,-0.7141528178169141,-0.46493898164480585,1.4696728557947043,0.6950315785162205,-0.4261307935380251,-0.25022664356941426,0.1707851296543093,-0.001845633434646122,-0.21959829876519954,-0.40798754063700704,-0.2887416000388913,0.33368667435056387,-0.059192062546592136,-0.045178299750898855,0.09557923730709705,0.15914800086237896,-0.02643279883360705,0.48213973911236174,0.1651606711594715,0.16178290919002491,0.08209486283418757,0.09593081623176271
2014Q4,2014.75,-1.9417963075253533,-1.5140643072299829,0.4255784331331838,-0.42809965823477436,-0.8858325366060935,0.4506859642977475,-1.3756985903312728,0.6163847349181204,0.36325242154485465,0.9906204907181555,0.035740673134746416,0.15376198998659496,0.04716162436059314,-0.25805982013779655,-0.031453014436637734,-0.3970859880101535,-0.25056334044883916,0.2963518553873525,-0.10934728313770041,0.17956644943107725,-0.19956612483405967,0.16515438475524039,0.31947240786312425,0.14322028547395196,0.05130634878281007,0.030311793947518817
2015Q1,2015.0,-1.704367294835646,-1.6843785270839897,0.3504562825088356,0.2713473801768743,-1.5911480674956704,-0.040576039773192664,0.26600408661325486,-0.6586107175046015,-1.1350472245458751,0.44390948445924233,0.443243157612725,0.1247931430652167,0.46576172087781204,-0.176922265865322,0.19576577494300706,-0.24825537976173215,-0.31901675101520477,0.2902121158666335,-0.10098937645134343,0.26612665538011665,-0.5794610840911391,0.38656703703872286,0.4453600035895485,0.3319598298750926,0.009776663932089967,-0.15212494752666125
2015Q2,2015.25,-1.9239340668464902,0.6571578929265424,0.38230615956748387,-2.2981437031478773,0.48881774862563293,-1.1392825574759398,-0.0734431013398294,0.2205757018829993,0.5558306026598231,-0.48627375545113855,0.839447165008843,0.23246055651931355,-0.22057880313306705,-0.11184733231641003,-0.40255622492755744,-0.0451971206386439,-0.14089094456123843,0.049129465188681574,0.25172975890992644,-0.15656671796469565,-0.22557604153289476,0.02179421739956738,0.19660859802849456,0.06051838777080184,0.1870445349736984,-0.12177966245806954
2015Q3,2015.5,-1.5023937183904323,-0.3715923587442904,-0.9780147904126336,-0.5285090056910675,-1.0322928845191195,-0.7457078475088036,1.2064476986566517,0.702571374212615,-1.6497340814916392,0.9114982806922058,-0.4327584839600093,-0.44678807597946474,0.1395967872945659,-0.4075512168674031,0.004229522898483237,0.08295418149686742,-0.03030740062924672,-0.16825184107790966,-0.27071135712927946,-0.10474069848218791,-0.3503550575220528,-0.15642664981257257,-0.10860033541721661,-0.03428061937639871,0.07034321153163281,0.06755813084214161
2015Q4,2015.75,-1.7329066634926602,-1.3528025549210831,0.4206971023619082,-0.09658724272851094,-0.3961350517778596,-0.5111799187984037,-1.1906170618042786,1.28338523982424,1.0147988860729624,-0.29580653676054963,0.7090575276373291,0.299583236657033,-0.6963667294949369,-0.40621027203417864,-0.4539384234562615,-0.22225560620394808,-0.11962632644151396,0.2666358510923854,0.23188564879123652,0.23047964317120737,0.4539926862260671,0.23917853166238393,0.27794292976992274,-0.03987397689682196,0.07044263323336182,-0.02233251658657386
2016Q1,2016.0,-1.3330962624144518,-2.0794798511474872,0.5792494776926407,0.5608107609725475,-1.0840399384977926,0.08292837159701112,0.6608042557377967,-1.1296733083351869,0.4079606516632055,-0.021892633953522332,0.7088656208426461,0.20299880452075195,0.2746321253911233,-0.5074053873545685,-0.3301523284387551,-0.47415225767012015,0.06826495876767853,0.06840799564564576,-0.07541628312902438,0.07172982622377873,-0.14287448460855287,-0.30979593870969735,0.25452557111790236,0.05336081385226673,0.08381714467887846,-0.040101163475977676
2016Q2,2016.25,-2.764042774944134,0.10549461280629148,0.29984221269562894,-1.3415308848787564,0.6664785325100563,-0.6689902535175033,0.2072388670645295,0.7640636356851389,-0.09169507914756876,0.5622791312019849,0.5863045437842265,-0.3504642883668418,0.12313174226479315,-0.11027855947502557,0.3300064391260599,-0.23149426113779953,0.4377184288714152,-0.18844544889851877,-0.0366102905021735,0.14843406003762386,-0.10012152254997093,-0.1583716787082905,-0.1398520350277349,0.07782121931110594,0.06707127788019704,-0.013637116435512199
2016Q3,2016.5,-1.027339881830933,-3.089493251730868,-0.14838065099388678,-0.42684754488967785,-0.4099216850750852,-0.9736591505875792,1.474046606492578,0.16324659392016705,-0.27866189950290327,0.532908169278136,0.12618709295467553,-0.3083615299980172,-0.0919585525830551,0.13184525305817654,0.09834177262496453,0.011924232855719244,-0.21526533858653657,0.2126430068544589,0.09389888117572653,-0.10295787877541923,-0.07028391122563206,-0.317043943766689,0.2557570194520932,0.017154108851949956,0.12125828517565933,0.16810938322584323
2016Q4,2016.75,-1.866017127997642,1.3866511334216367,-0.6947239039285732,-0.8965109357350517,-1.938182520344667,0.26367683204752296,-1.4263475913032897,1.35923817310059,-0.4814627940309258,0.16487121072975647,-0.10708700263520929,1.1052024824395406,-0.14294082817483275,0.40910501633979973,-0.41896801590141747,0.15548007942942443,-0.4116578325103176,0.15370827159013267,-0.08744998617189526,0.2613037495018434,0.22359196604372109,0.6646032853610819,-0.190331055880477,0.08867709827941254,0.02015684261281581,0.023991597793330623
2017Q1,2017.0,-0.42556268296868593,-0.8246147029822907,-0.42034886007923766,0.07868917229277875,-2.490854845627126,-0.4410943870630721,-0.06019683047481761,-1.517912432443603,0.13538782720423106,-0.5394252107713052,0.0699738452130565,0.3768674955725094,0.5572729492090349,0.3785088145979076,0.052150329480029546,0.5585758445913493,0.48696483872398083,0.0597797111228607,-0.7354610057473953,0.30473328345877126,-0.4583036795547254,-0.29645785152606957,0.000717205235597802,0.2103965118905955,0.12949725459801628,-0.012154408330383745
2017Q2,2017.25,-2.4942897169268687,0.30310354191264444,0.0495403972367772,-1.0596185918522882,0.4994832133651196,-0.11033687544527043,-0.019948952942217445,0.5846754495277979,1.1409230960937522,0.38520100715592165,0.588196622589707,-0.37927658703783107,0.054331314362945624,0.09996929601396862,0.13709002675612927,-0.14867215913571422,-0.04003076257880382,-0.17403852103559075,0.05707565513174623,-0.39771243613179014,-0.37467484566494524,-0.02934218910586917,-0.37842895920357467,-0.13456225111801257,0.06445688402414887,-0.15407171073092368
2017Q3,2017.5,-1.872534149919538,-0.17650241259123023,0.11260867423866375,0.06906275738212235,-0.640483130919672,-1.1537112968463519,1.7210969133314291,0.3727144515591364,0.493124038802859,-0.3772298381930295,-0.14676883141474165,-0.6926398865447463,-0.37059170608348574,-0.06961655565010068,-0.17789977975144364,-0.2408408282462432,0.22571918596464255,-0.18976005760488454,-0.0758441157936994,-0.111091087402844,0.6593130994619273,0.03644159885102087,-0.06159834186927724,-0.19811186772707717,0.15959742854004252,-0.008967227852979591
2017Q4,2017.75,-1.1298461284466452,0.4533373810417028,-0.5762160869701983,-0.5023785522782968,-1.229133082699349,0.005478923336097223,-1.7640308303581003,0.617530075158404,0.2193448775312279,0.9719537677915842,-0.09119019940175438,0.32362830829050016,-0.20071409403903692,-0.1787133165604412,-0.16117595356810874,-0.09971425262013171,0.22711893154707835,-0.09476814191302325,-0.22751543750919814,-0.19738790641632697,0.037000351896880494,-0.24460113628511918,0.2029413794319376,-0.23286771712611243,0.06382490222917062,-0.03841890933809342
2018Q1,2018.0,-0.5896545620938504,-1.9231915736060876,-0.022093328001077356,0.8451092934345004,-1.0010600140970414,-0.20935221439401083,-0.2181792475473656,-0.8254358846056903,0.06437679528380921,-0.33997323252058237,0.5858589874037117,-0.25397965149581897,0.35605306550674015,-0.29401956452890116,0.08409295322200563,0.43123887436928066,0.20036322152029837,-0.4976395580367509,-0.513573803735196,-0.2674303434639672,-0.043886261832258966,0.10075925889215469,-0.3145735948070007,-0.2395862873840583,0.04421703954090388,0.04381160079881691
2018Q2,2018.25,0.1973006061775578,0.11844800051875283,-1.33936775233809,-1.6648783309227784,0.42588860637975057,-0.9815652958440568,-0.7042996580872486,0.09779239150221293,-1.0614087045620049,-0.4611436937088516,0.517711239658636,0.46835377277833246,0.1742757114693289,0.25569025729838557,0.16593719324633377,0.9642418329945434,-0.010701198073404578,-0.5917958924032591,-0.2371559238219238,-0.0769570796311625,-0.5156613498506065,0.19069520234689616,-0.13033932635260329,-0.11752070582120334,0.08844622717650985,0.003756164134631917
2018Q3,2018.5,2.554399496331878,0.6829117231384738,-2.523521769906705,-1.2574118862189447,-0.6909573955724747,-2.455044308524023,0.8403870883784726,-1.4525333210735205,-0.9698416920665653,-0.16146001728171927,-0.04811686539890625,1.0032615316790194,-0.17581805368077616,0.9910185792965192,-0.6151511924449775,1.2461913547428778,-0.1340693090273553,-0.0683301453083835,-0.9120689513555537,-0.2942644613451613,0.3125028847830069,0.20303160809758805,0.28601950153794975,-0.21158036846253533,-0.003193951193349862,0.17305519305615463
2018Q4,2018.75,0.3313073460699814,-2.7249575213420996,-1.4162611061282984,1.0375906522315066,0.5288732302904141,-1.3759130707801617,-1.7255675625899278,1.1989225543622952,0.6770862634635946,1.7429449310669185,1.0548603846993763,0.6808972128537448,-0.044445865682678484,1.36627480236228,0.5892665252111658,0.7065328862366647,-0.03805706407507731,-0.09371158684686362,-0.09673323881577701,0.12394679622695703,0.40444092341976245,-0.13459848920566916,0.19493396291612372,-0.031606737767956805,0.017482245458673613,0.058151840062197355
2019Q1,2019.0,-0.5461593606428186,-1.6433711447036239,-1.454839744353838,1.8837946090585092,-1.0914210080157218,1.6098053916449233,0.8479517411558154,0.09541217616607069,-0.03985593072369798,-0.6189870313967891,0.9372403622791523,-0.13840738762720345,0.4499633698085539,1.1054732720889127,-0.395946022207564,-0.4470682990848424,-0.5195077420945772,-0.39967873801147136,0.24890066514389067,0.07667776768150239,-0.12519676184275005,0.09776373774551331,0.09018008009874634,0.42753284115121376,0.1139823345248898,0.24454059037667625
2019Q2,2019.25,-0.16661182287477608,0.7341301632462813,-2.083824030421648,0.24888455837439596,-0.2369423502940057,-0.45616637096826707,-0.4945660397397084,0.596014748344497,0.9425301947760889,-0.6847686632205953,-0.06686472035234076,-0.19696638370550065,-0.014244380267893429,1.044322819582723,-0.13438595434827175,-0.10230043284091164,0.6710104217673978,-0.0249554624025456,-0.6785887687118128,0.09678998439969348,-0.5603678044311944,0.28066200405607417,-0.28922412238480316,0.07503121431030899,-0.004519811010103507,-0.22401400350731301
2019Q3,2019.5,-2.0256607942288736,0.12637253324814277,-1.2801250469321075,0.8350985969463005,-0.6583375477577607,-0.13954130646268204,1.8127643842933792,0.652956496024948,0.7466868640226637,0.5267488212033363,0.6419012171715219,0.07254418807790994,-0.38210186294277115,1.3728967953256297,0.6593928062465765,-0.6917775517080944,0.34089851937609117,-0.026599708777653525,-0.00016433270287980297,0.3359453656833948,0.17893265306348005,-0.14587214258755024,0.29228522320918404,0.29745587470344836,-0.009029427138057374,0.14806736351164376
2019Q4,2019.75,-0.9016239676776705,-0.6625310364130177,-0.8499570495651679,-0.23892469401851185,-1.135309216300243,1.5534736410290393,-0.6609148171953333,1.592647918724355,1.2748392070397714,-0.2655517294600143,0.7419402880387928,-0.898565341330058,-0.6813978487128592,0.5109584630116835,-0.20020335250156196,-0.6549861527156493,0.6039897524412698,0.22454357616772203,0.0016869400358881306,-0.035685312424186544,-0.08995281662478653,0.0234936138906556,0.06379292947068708,0.09761173845241301,0.04004231455679939,-0.09898292965106394
2020Q1,2020.0,0.09025420243355499,-1.972298517510701,-1.1630513428066154,0.45728729542884344,-2.4811959732499416,0.8047795918487421,0.2780938490539746,0.11879640458005197,-2.210097692943547,0.05174574647043998,0.9506794200383384,-0.49379704198116237,0.3186494030365378,0.875511366247191,-0.14531955300253366,0.10727005263067309,0.21824134316533225,-0.7323393012881438,0.5232234816123846,0.08144295652931083,0.10698124024646316,-0.0709936386863832,0.236003285170962,0.044669123056042245,-0.13900710659787247,-0.21287906753708344
2020Q2,2020.25,4.1931906173112825,-8.074992781583909,-2.3383240651645005,-4.290494273830286,0.8631287546441362,2.1180366158264756,1.0796787164897645,1.3222899954333571,1.0188754147291526,-1.0804910867105206,-0.7785190791719381,-2.2823072739702233,-0.7986616380842326,0.5775170309747578,-0.3884718764993273,-0.09614512295916924,0.4409284671862934,-0.8772526405656491,0.375672581728606,-0.21128136037759326,-0.16260066415294033,0.055345574919387984,-0.04106581227884148,-0.3324734155294547,-0.0170036213894902,-0.04755331131245641
2020Q3,2020.5,-5.177243212284794,9.080567622082997,-1.2927798687337084,1.4065127407137965,-4.275496280908187,-0.6361826383257554,0.5266694090668075,0.564499403918416,0.026371691424887385,-1.0588441524737036,-0.7132312000404055,-1.5899577455726408,0.5437578461612421,0.6728378496909978,-0.5886895542321645,-0.15677293356898736,-0.8363843405015463,0.37112682788431006,0.32149027433526595,-0.15029201262397054,0.47703300589085884,-0.016746752206784215,0.10159058050353686,-0.20901465183035953,0.14622278748506562,0.12716458919641027
2020Q4,2020.75,-0.7651118605078984,0.1983613724252375,-1.5172783008315722,-0.13679640946000962,-1.9710195842009024,-0.5459959645780815,-1.7223397716142534,0.24859918669189288,1.0634176628113101,0.3997163986848671,0.7100570857801272,2.215259085560529,-0.6744907025678654,0.5291970783463833,-0.008674010440653737,-0.03999989339927581,-1.101342353185904,-0.599936689386454,-0.4157825352078761,-0.27430489760592003,0.0853818098220451,-0.4380115313694758,-0.11642114669410061,-0.1467838110541542,-0.0032929128579549205,-0.20883878682225657
2021Q1,2021.0,-1.3212127970680771,-0.861543971055755,-0.7750309755719604,1.155683848345614,-0.4273057780740122,-0.2439007535273111,0.7898940214582572,-0.9021073005678051,0.26564701832334847,0.2407310137872735,2.4619192262005627,-0.2521056621627403,0.5949632167167059,1.3879966543456577,0.31199363159173005,-0.07983412406209901,-0.6946536919706573,-0.45059556946937945,0.3138222847539841,-0.20707324918309442,0.1027260956495519,0.35058508348869355,-0.08877426789196248,-0.04819050191685157,0.028607721358105135,0.12578644617102194
2021Q2,2021.25,-0.1464952397705028,0.5558131418447306,-2.456227341893475,-0.7501612837055659,-0.34451997824069014,-0.5025499506309625,-0.2986176335548061,0.18554913084559474,0.0115784048752158,-0.8528273724983884,0.6092838174904569,0.21883879880304885,-0.4408741116705383,0.2692709204434609,-0.3071185822662922,0.1485518247249009,-0.39198041667016087,-0.4377820957272772,-0.3975659760994814,-0.10177453580442686,-0.41418315407423817,-0.07073563054924814,-0.13227041110696122,-0.09355354882327153,-0.203606806097413,-0.1277661050048153
2021Q3,2021.5,-1.5846508135793569,1.0651144618890345,-2.3146422649651437,0.6113216891194536,-0.4071087578507822,-0.673090922726492,1.3590523808862451,-0.058801855715105565,-0.5071591357591528,1.628819514654768,0.10115887091858479,-0.8386304042241607,0.3345024753244004,0.5115632857578968,0.5034708986642553,0.2887933482967847,-0.4727387875449261,-0.3283998669465293,-0.3747754237563316,0.5261076749865331,0.23584370916958042,0.5406258082009346,0.057983020031843496,-0.23061745824883467,-0.23784973059654174,0.016264118227248138
2021Q4,2021.75,2.609802922714892,3.0541652925559704,-3.0106078772780775,-2.146670793085922,-1.7457574268178349,2.967458548413925,-0.9925450003055266,-0.1890906777401215,0.05395935855049756,-2.16434726208517,0.11701977417658893,1.1055291458288494,-0.8337626666039397,-0.5244628533025877,-0.3544743308742275,-0.14119386405609768,0.8175783513178982,-0.11118315850711244,-0.07252276213002705,-0.11066748788834581,-0.14315263275351564,-0.5010358842931849,0.6523920793943385,-0.4156918365676846,-0.061863472858012636,0.11732539435613812
2022Q1,2022.0,3.4975384073136504,0.5079065629688301,-2.4229951163731585,-0.3650818838406436,-1.2146745880154222,-0.6271178089055266,-0.020449864190844318,-2.987858486361509,0.6808006276168679,0.42478640509717003,1.5656356276993995,-0.3236101840997736,-1.6895080110650982,-0.5321633457299841,0.40543713265925,-0.12016864047223677,0.03865646041017554,1.1123420339286374,1.7179856890836265,0.652255974690293,-0.49163268437685764,-0.15850431797681352,-0.5560577506632187,-0.44254811372324165,-0.07577360522611427,0.1271109514096246
2022Q2,2022.25,0.7690040397332225,1.9485255619084452,-2.447139591506746,-0.9276829583485174,0.40260057069773164,-0.1501512213730621,-0.41603074423259906,-1.245282379836926,-0.07965771795195203,1.8297543673684855,1.7644766292895548,-0.24527385163923424,-0.43042150538982216,-0.04822525551110866,0.787148163302591,-0.3648898892762823,0.24873428809190481,0.2518427575727766,0.8344861723753284,0.25020968245849884,-0.3591828974766504,0.08201460763517901,0.15980214465984416,-0.377889233722253,0.016889926017455755,-0.05975374681730641
2022Q3,2022.5,1.1519087089775981,-0.11883589784886778,-1.3751864770385647,-0.5444299119037739,-0.8138562099566718,0.6886202528895712,1.7087462396568684,-0.7334890927333532,0.9359291029304075,-0.4910729878220516,0.10536073983508171,-0.6278254171123868,-1.0425026472590058,-0.8233577821663614,0.7656793415168246,0.1539639356498029,0.419219868562677,-0.0628203584848656,-0.9875359987323811,0.13578730834173985,0.31033635923193414,0.6650350330140454,0.45167068435686586,-0.16786339112599555,0.22640280578675753,-0.10887421463959474
2022Q4,2022.75,-0.08478709093730943,0.5932787784972565,-0.9555983575561431,-1.6711798550600283,-0.8558366727542241,1.5149044249912522,-0.8073361924441865,0.4587107114337332,2.397514724075873,1.4845510870753307,0.4648263456018976,-0.49084181984716935,0.055746132419452345,-0.5396491202095126,0.5623065976169739,-0.3848867025018387,-0.5525314697071881,-0.47296800936929295,-0.21400504734066558,-0.47954630941503146,0.11272722094158787,-0.201829644527558,0.1742285932712338,0.02255972479120337,0.2397934315018218,0.14859616699249048
2023Q1,2023.0,1.3673312222728737,-1.3784773189666502,-0.6335581972338417,0.6505012558305511,-1.7650286379536388,0.8939719610545118,0.2585664528346306,0.11951533147913372,-0.3036880861181826,-1.1174458114952404,0.7279362735822027,-1.326286182087099,0.5158569398393227,-0.9027586446157281,1.655866358296338,0.2646886212018288,0.08602323969648507,-0.2719058885011436,0.35411945962707786,0.005963964527475955,0.44544492332262814,-0.16219627183090857,-0.37102592342305457,0.07552523073856333,0.014829205788957972,-0.03939211277431807
2023Q2,2023.25,0.9948502381040575,1.678841139151854,-1.4991392632656182,-0.9368356702846559,-0.8534903144921338,1.687686716212295,0.09563620931497045,0.38634002156497543,0.026631952079245853,-0.05337586741468089,0.24105873154266647,-1.1273618865321666,0.43372644053540754,-0.8321223250576879,0.32493206058996216,-0.3291985539367518,-0.32436817210068314,-0.5022926130718935,-0.4365750247442286,-0.7052876720789953,-0.28422136651209967,0.3171127270438277,-0.30097311370503055,0.11876887369670891,-0.2756376985641002,0.09508021056101165
2023Q3,2023.5,3.0627537221183014,2.9211673310894204,-2.1697735329685073,-1.269916034587729,-0.7665721582122781,-1.8599929985715171,1.6593148442171968,-1.3411306018411333,0.8188932704571074,0.32985819156948076,-0.9384602502523831,0.2867025180748678,-2.165324193528295,-0.9349355412697642,0.5884629763829373,-0.340530951317441,-0.6222110101676945,0.8794721948016645,0.1878061249354193,0.4798241746362807,0.5017354204995113,-0.3296756137782881,-0.18904424218737384,0.1587256884281953,-0.21721110319760298,-0.05606796956121693
2023Q4,2023.75,2.9553442559137046,0.2817981625263093,-3.3866856720367697,2.058895092566496,1.777366871014632,1.358448093615872,-2.396437367767143,1.7035661537043805,-0.09077975030823425,0.09018902599443616,-0.5483404207558016,-0.5044238416307156,0.34737397720941615,-0.9136596215030276,0.905340007068043,0.6807280049480728,-0.5715345156454429,0.1762049244073479,-0.18315317877874546,0.09785392143457297,-0.11936980928814614,0.2177199636255476,-0.5025133529075976,0.0633619078337282,0.08799178803907967,-0.05929277034409169
2024Q1,2024.0,3.520657952986021,1.0106996523296656,-2.8841724087103016,2.882088332497932,1.0902281233407274,0.6749787988735142,0.31581457182969597,-0.9291048401240601,0.6483646157437317,-0.7932595096904609,-0.7696861140024934,0.23996335007805056,0.45456526422464966,-0.746146584012908,-0.08517095444477969,0.646170278282871,-0.7138736875230535,-0.5619996366772569,0.4874041524003328,0.5448335230194875,-0.16484239382789156,-0.4115662312747331,0.01210723069751381,0.614565976055461,0.4771345601062438,-0.12419197178354224
2024Q2,2024.25,2.657798675789537,0.35713421567653725,-2.204869910151581,2.158938275085579,2.949909649428122,-0.3054721068539842,-0.12738181457690945,-0.7148723041690282,0.9287569459050453,1.4490714530056241,0.49828528465578975,-0.19356372121873433,-0.11565442812829067,-0.28270259431544803,0.03932856218950685,-0.7248850604341817,0.3022896140723738,-0.01754108233636625,-0.6220807110043092,-0.16673815077033224,-0.3249857682213404,0.20097865437340706,-0.07313747881118682,0.5078236732723322,0.11165255361130039,-0.04842065933610191
2024Q3,2024.5,2.3302057686640723,1.910610318917424,-2.371092447228928,2.2831834634987995,2.3127067883797388,-1.0068349667714052,1.4471758350596566,0.571687931863071,-0.35044704514859026,-0.21142940756146344,-0.6753338568543437,0.07377611674727812,-0.4545464629533268,0.2709008262003617,0.09117837718541882,-0.062345672274401215,0.039321430902764035,-0.39936124377248156,0.22158315826351727,0.37120144827343404,1.28740036011999,0.24300337961005813,0.43085859358298395,0.42624277552481254,0.10513377228700181,-0.1291036477650517
2024Q4,2024.75,2.056702585688452,1.037305788841151,-2.695275402290661,3.31249369136256,1.8835228772978874,1.3285188150519092,-2.248258500012915,1.6184486707041246,0.7041136855729959,0.31997346789377024,-1.075762126723611,-0.7083123637046345,0.45242101858945455,-0.48844548351725997,-0.24737167886548825,0.1695235315804103,0.05341313540970977,0.38645953550953277,-0.23693309424386416,-0.13264380376912238,0.05845700669562079,0.08179381553248569,0.40753676320986076,-0.2941427296706257,-0.10377077269030567,0.03975706526301736
2025Q1,2025.0,3.1751206694361476,0.6695758153216771,-2.289320754553443,3.181962011147868,1.537125231616969,1.2342318839280872,0.26612934745433653,-0.3409569578265663,-0.5567329682574561,-0.8040564801192215,-0.4933037621030119,0.1332673036023426,0.8430682950822246,-0.4010736307758909,0.09030430739118073,0.12470499501771647,0.2258028426364689,-0.26593747988454913,0.3932621103982339,-0.3800138160025025,-0.44157279055115123,0.1819797180327016,0.034847134938362084,-0.03704856209682667,-0.008078629972469139,-0.05328526416370363
2025Q2,2025.25,3.241315243438191,1.0605071982485106,-2.517911270339067,2.9200985373805555,1.699350628626816,-0.44217925547611747,0.07387844289448144,-1.4020213866542988,-0.4906904153554918,0.33925520268413106,0.09947057986731288,0.2761638156179596,0.46271338812514606,-0.20391671109182233,-1.107112765232003,-1.006420985212014,0.6180367417374245,-0.5479843314682132,0.15172663076778486,-0.539912151091434,-0.3140681210071147,-0.20821942934901427,-0.26722113085219906,-0.05852528294450072,-0.08098316132458007,0.04517973060267957
