policy_rate,deposit_rate,cpi_inflation_qoq,reer,cariacik,mining_prod_growth,industrial_prod_sa,electricity_prod_growth,internal_debt,m1,bist,m2,manufacturing_prod_growth,usd,real_gdp,export,import,eur,ppi_index,unemployment,fdi,bond_5y,bond_2y,labor_index,labor_force,budget_deficit
80.6,82.67,18.1583363410661,117.14,-0.007106377486443469,-8.54794520547946,2.33545647558385,3.25765054294175,12.829035699872904,18.671070191911987,22.954816346892493,26.64091641198514,-11.4688128772636,12.255201411837003,-0.7997323128282829,2.316856552431368,-3.376681758847333,8.661243296567257,10.661486327653558,6.675,-89.54999622050809,16.311,15.71,-7.98722350765928,-6.98396275219866,-1.0485395118762104
65.75,80.2233333333333,12.6045988702087,116.3,-0.0015336052509171872,10.1258238466148,-0.829875518672178,-10.4206500956023,12.829035699872904,18.671070191911987,22.954816346892493,26.64091641198514,4.20454545454547,12.255201411837003,-0.7997323128282829,2.316856552431368,-3.376681758847333,8.661243296567257,10.661486327653558,6.675,-89.54999622050809,16.311,15.71,-7.98722350765928,-6.98396275219866,-1.0485395118762104
78.85,75.3233333333333,11.4803520713415,126.14,0.007352458790914734,22.5788900979326,-0.627615062761506,12.059765208111,17.03250693065108,20.186141532934876,-59.299728983099875,13.850736717110124,3.27153762268267,7.3098876889273745,-1.4170680470865449,-3.595698262779834,-1.8344732563537747,8.661243296567257,7.955343612596355,6.555,-89.54999622050809,16.311,15.71,-7.98722350765928,-6.98396275219866,-1.0485395118762104
78.97,82.2133333333333,16.5753980213178,129.17,0.008922357951411813,-14.9578339991123,-5.26315789473685,0.952380952380943,15.479841743208667,9.14479560424759,13.671759173676268,22.106708759230287,-2.53431890179515,7.519533933360489,-0.2590233261477337,1.8879816425556584,-5.580523873479315,8.661243296567257,11.342340171037613,6.435,-89.54999622050809,16.311,15.71,-7.98722350765928,-6.98396275219866,-1.0485395118762104
76.32,82.3,12.3565068418934,129.82,0.006479898168904192,-20.1461377870564,1.22222222222223,0.471698113207551,20.425181883537746,18.662594266963595,56.131406300971506,13.716402582020137,-13.97616468039,15.184962718681106,-1.7001919174035152,-7.17492536299833,-6.795602526467981,8.661243296567257,9.790523734610845,7.0175,-89.54999622050809,16.311,15.71,-7.98722350765928,-6.98396275219866,-1.0485395118762104
76.91,82.5333333333333,12.1101974456246,130.33,-0.005135256601826455,11.0457516339869,2.52469813391875,-4.88262910798121,17.565231993533104,-6.611861951588338,8.340866129739899,15.390561653358859,15.9949622166247,14.685081388173614,-0.565310540628694,-5.405433957629846,13.977659225179728,8.661243296567257,11.533488696475347,7.6,-89.54999622050809,16.311,15.71,-7.98722350765928,-6.98396275219866,-1.0485395118762104
67.51,79.6333333333333,12.2822568612345,135.06,0.0008432828480773581,15.2442613301943,-3.64025695931476,6.61401776900296,16.513027228486266,15.008977602566276,20.411310213094637,19.375836712341155,-4.12595005428882,10.191736801944739,-1.7010034388770023,-2.792645877437039,-5.311215160266158,9.374768236841557,10.226746160910327,7.4405,-89.54999622050809,16.311,15.71,-7.98722350765928,-6.98396275219866,-1.0485395118762104
69.97,69.2633333333333,17.4127423161631,138.37,-0.0040212029915290964,-11.6956077630235,0.1111111111111,5.27777777777777,13.486654960415123,33.19815609744747,91.83297906121872,18.866848706295514,3.39750849377123,12.725863511998947,2.943666169989001,5.683353605033581,5.443335728432075,11.652196047568541,14.318171324943885,7.281,-89.54999622050809,16.311,15.71,-7.98722350765928,-6.98396275219866,-1.0485395118762104
39.2,38.92,14.2275446750545,143.95,-0.006387659426067711,-14.8640832851359,3.32963374028857,4.48548812664907,15.1865918395643,4.742108876284945,4.570328774996302,0.17464561752831287,-10.8433734939759,12.385355482664872,1.5625792693056084,10.123641832695007,9.939914506610492,7.3882298144161584,14.992909555469236,7.972,-89.54999622050809,16.311,15.71,-7.98722350765928,-6.98396275219866,-1.0485395118762104
43.05,40.83,7.34571674512625,143.7,-0.007897216648016176,11.4130434782609,3.97422126745437,-10.1851851851852,13.028477594211907,15.426254878633472,-9.577511198914745,8.814724572785693,18.6732186732187,7.996912151257785,3.819490220587518,7.536232900974049,8.375586897293097,2.5199294936367633,6.907568887312943,5.951,-89.54999622050809,16.311,15.71,11.818585539999749,10.1269929551353,-1.0485395118762104
47.44,40.6933333333333,6.03455396560052,149.44,-0.002783220832052509,12.8048780487805,2.16942148760331,10.4029990627929,3.3175678185376256,11.850379168683745,-25.579800839748668,7.774038001783268,1.75983436853003,5.685532475090516,1.4783349998351625,0.41134884737843436,-3.695390370004148,2.6293970427785585,3.175317128064359,5.376,-89.54999622050809,16.311,15.71,1.989299811050227,1.38883043642944,-1.0485395118762104
183.2,68.1866666666667,9.45846714398076,157.36,-0.006494900508111644,-4.81081081081081,-1.01112234580386,-0.169779286926993,14.779250706576619,15.770644488168095,-17.465527650674684,18.62083130224761,-1.01729399796543,5.178447175972078,1.4264116163447582,-1.0806637799015917,1.8620183979869864,0.6808105811544007,6.808283718688379,6.066,-89.54999622050809,16.311,15.71,-7.480334256773791,-6.52525839525134,-1.0485395118762104
81.19,87.3633333333333,8.86197026012049,122.2,-0.0011703474753595716,-18.0579216354344,-7.15015321756894,-2.38095238095237,33.37683086246592,7.945285668999524,-21.993267936536842,18.734158830455527,-16.7523124357657,14.10808234631576,-5.261131646446948,3.671381051586664,-17.934872566629068,20.239578981699495,9.383828199868427,6.313098039215688,-89.54999622050809,16.311,15.71,-6.699828267501521,-5.921899245116382,-1.0485395118762104
63.0,81.0466666666667,20.531640566734,118.36,0.0023924612131310725,9.77130977130978,-3.96039603960396,-9.23344947735194,57.45850666153132,16.466664272455844,40.126146909437836,4.7950749636790135,4.44444444444443,41.270255102688544,-4.965294273594267,2.6197696334934406,-17.073172773332423,35.97708288517979,25.62475588172326,6.560196078431376,-89.54999622050809,16.311,15.71,-5.9193222782292505,-5.318540094981425,-1.0485395118762104
59.03,67.75,10.4226330662625,104.54,0.0029848491018562924,6.50252525252524,3.43642611683849,11.2284069097889,15.776437451713576,5.949372498372796,-40.165895170974686,4.207178595368433,3.90070921985817,16.39169901589835,1.2440157139106844,-1.9799593331894627,3.893886864152485,18.29447291221006,11.219363361857537,6.807294117647064,-89.54999622050809,16.311,15.71,-5.1388162889569795,-4.715180944846467,-1.0485395118762104
59.0,62.6366666666667,15.5725712353924,122.06,0.0011756251686583761,-13.040901007706,-3.98671096345515,1.46678170836929,14.405638353323624,10.581066028201036,60.43029319610955,11.49145317788296,-3.41296928327646,9.116433285698522,-1.6972178718818398,-4.341179705318332,-2.0611440299328265,9.727084974641166,15.219767041794707,7.054392156862753,-89.54999622050809,16.311,15.71,-4.35831029968471,-4.11182179471151,-1.0485395118762104
54.73,57.43,10.7313423215914,143.01,-0.0006217311622209624,-3.06748466257669,8.30449826989619,1.10544217687073,-1.5328571534151791,-2.5873099062653893,-15.976663223102872,4.701041226642033,-1.41342756183745,-11.695352389911584,3.707979360765634,6.5141399138545,19.028391484200746,-13.81021539363632,10.393149422403924,7.301490196078441,-89.54999622050809,16.311,15.71,-3.5778043104124397,-3.508462644576552,-1.0485395118762104
48.0,48.7066666666667,4.05560911862804,123.74,-0.0007173065259405726,-2.46132208157525,2.66240681576144,-5.04625735912531,5.287081098697044,14.235467001073943,-22.932232882816095,7.0143869648713775,14.8148148148148,3.517672131550081,4.225855050271221,1.7489767322974359,-2.0900735841976825,8.138370417180015,4.513631603624058,7.54858823529413,-89.54999622050809,16.311,15.71,-2.797298321140169,-2.905103494441594,-1.0485395118762104
46.0,49.4766666666667,4.72521737726032,120.24,0.0012227961246809513,7.858687815429,1.76348547717843,8.23737821080603,10.086541320082176,11.128043153754419,-6.637821190393733,5.615934634862185,1.97710718002083,15.661701182651033,1.3572160411918333,5.605275981265123,8.277936244290629,22.554528780008905,5.987617129955947,7.795686274509817,-89.54999622050809,16.311,15.71,-2.016792331867899,-2.3017443443066368,-1.0485395118762104
44.0,46.3533333333333,9.06873718556389,130.97,-0.0007841824213983338,-8.75668449197862,0.203873598369022,0.736497545008184,6.604930615594995,10.312396645544197,16.122198285358547,9.661575558963875,-0.612244897959182,-1.8599346620970847,2.1111919764322806,2.9165710834238467,6.0365928995246065,-0.26512927598664193,7.7553227555945625,8.042784313725505,-89.54999622050809,16.311,15.71,-1.236286342595629,-1.6983851941716788,-1.0485395118762104
44.0,45.9366666666667,6.45953698054948,127.54,-0.003026386919011024,-9.52380952380951,4.78128179043741,4.22420796100732,8.126790849198073,-4.882952649098371,-7.621100661103863,3.0183311211605,-4.82546201232034,2.10856760722663,0.08356577177348612,-2.9051915009514317,3.526271493024602,9.111270803990518,10.819658617292749,8.289882352941193,-89.54999622050809,16.311,15.71,-0.45578035332335887,-1.0950260440367208,-1.0485395118762104
38.23,42.08,3.50373547315994,143.73,-0.0021376936413796998,-4.21052631578949,-1.65048543689318,-5.61184723304753,7.529309869743628,15.012632507400525,13.435704287095795,6.1389669932797375,9.06148867313916,-8.52728522844589,0.3357626647972012,-2.2907100835752203,2.0007179867084446,-3.0499192680668807,0.30598029958515127,8.536980392156881,-89.54999622050809,16.311,15.71,0.32472563594891124,-0.49166689390176366,-1.0485395118762104
30.66,34.7433333333333,0.738512949039288,153.51,0.0009928341962596042,39.475908706678,6.91016781836129,10.9826589595376,1.9446444022118925,12.785702418690548,18.476393321795115,10.033425950058827,7.12166172106825,-8.510423943394695,2.8113218158635433,14.718744548843254,12.458832028000266,-9.199789584643458,0.20458478116571754,8.78407843137257,-89.54999622050809,16.311,15.71,1.1052316252211813,0.11169225623319434,-1.0485395118762104
26.0,27.9533333333333,2.89258939826174,140.92,-0.00262313517251405,-14.3030303030303,0.184672206832881,-0.669642857142857,8.407583296859045,14.52063563788002,34.55675939436303,9.827600158790872,-0.18467220683288,3.492552649964825,2.9782205216662305,-3.356265341447262,5.26866520431053,9.12226919793424,2.7331057953256632,9.031176470588258,-89.54999622050809,16.311,15.71,1.8857376144934523,0.7150514063681523,-1.0485395118762104
22.0,24.78,2.0439744664389,154.55,-0.00438873567828216,-21.2164073550212,3.31797235023041,2.39700374531836,4.683588826314278,0.12978696488410435,8.250927043368694,11.239327059015736,-4.07030527289544,-8.005417538970766,2.7170350172536217,1.7769355457831537,5.977499064536751,-3.0263117978818532,5.041268246847341,9.278274509803946,-89.54999622050809,16.311,15.71,2.6662436037657216,1.3184105565031095,-1.0485395118762104
22.0,24.0966666666667,1.55756350309615,137.36,-0.002963932129352422,16.9658886894075,4.10347903657448,-4.02340892465254,2.6216647109162494,11.984795663824599,-12.522607863872537,5.115488841790139,14.2719382835101,8.610957305308276,2.3016094762589034,4.170149678496848,3.6563442558332326,4.926259864373006,5.962488808556365,9.525372549019634,-89.54999622050809,16.311,15.71,3.4467495930379926,1.9217697066380666,-1.0485395118762104
20.0,24.68,1.36257582827811,138.0,-3.2436672192752204e-05,35.3031465848043,0.599828620394164,9.60365853658537,3.962486086726713,6.770783021984883,21.506959839251305,5.497096303639282,-0.675105485232074,1.6740351511496276,1.121419052848971,3.143825000955225,-1.368996277319745,3.0386890471452377,2.126633164437308,9.772470588235322,-89.54999622050809,16.311,15.71,4.227255582310262,2.5251288567730246,-1.0485395118762104
18.0,23.48,4.16167940336986,142.35,-0.002837585206078711,-13.6698808848554,-4.00340715502554,-1.9471488178025,3.1272762731660464,3.517493376061509,12.848895383482262,5.321632652352903,-4.33305012744265,-2.231691773330413,1.6094630528995069,3.371298029999714,3.438302006700056,3.558935859819534,2.8771867865523326,10.019568627451012,-89.54999622050809,16.311,15.71,5.007761571582533,3.1284880069079826,-1.0485395118762104
15.5,20.6733333333333,1.30233654497772,152.76,-0.004062954446504801,-9.7897503285151,14.1969831410825,2.48226950354611,3.504327906095739,2.494261160579825,0.8550289707513592,4.661984090160587,2.57548845470693,-8.591127725312786,4.506850080384872,1.1936202515492766,3.8281031015909406,-7.220067439474587,-0.6437521360842524,10.2666666666667,-89.54999622050809,16.311,15.71,5.788267560854804,3.7318471570429406,-1.0485395118762104
14.25,20.02,1.5473662778861,156.87,-0.00387321696289907,9.54115076474871,-0.62160062160063,-3.18339100346022,0.9886916920876843,13.104199521138327,7.750208457136054,10.704740250848133,12.3809523809524,2.7820355024221035,0.4212708736217152,-1.7210668351081537,2.253346337256623,-1.2356020718858884,2.042299170891404,8.93333333333333,24.351085413864393,16.311,15.71,6.568773550127073,4.335206307177899,-1.0485395118762104
14.25,20.4766666666667,0.70747286111189,158.6,-0.0009189232923535401,15.8909574468085,3.7529319781079,10.8649035025018,3.5183103571441166,8.074860251494798,20.15997432550556,9.023857802199586,3.00462249614792,-1.7199553340449703,1.4020957972237014,3.8842813170196777,3.591229226530679,-5.002307630322428,-0.046578533618468754,8.96666666666667,130.264974424525,16.311,15.71,7.349279539399344,4.938565457312855,-1.0485395118762104
13.5,20.4166666666667,3.87940841865759,166.27,-0.003739745210096703,-6.36833046471601,2.93896006028636,-1.28949065119278,0.6455085950456407,53.01139674251942,17.72763495397589,54.461450663180244,7.10545998504112,1.1563375508450269,3.253305582094157,4.186256684772971,5.0939124539260305,-1.4477147890429198,0.8948849723150687,9.86666666666667,81.39943464316302,14.228333333333333,14.5,8.129785528671613,5.541924607447813,-1.0485395118762104
13.5,19.5866666666667,1.73858284963306,166.95,-0.0051912557425474746,-12.6225490196079,1.53733528550512,1.4369693011104,0.6425862295856177,-6.023130198400395,7.408467489231363,3.7421104781873993,-12.9189944134078,-1.8222021860229975,1.1386262466739794,-0.7660779700579212,0.7724730465985985,-0.7369221045749663,0.8954560498455777,10.5666666666667,-264.9209701079277,12.954333333333333,14.153333333333332,8.910291517943882,6.145283757582771,-1.0485395118762104
15.0,19.4166666666667,2.98178099518291,138.02,-0.005306820855277231,15.4277699859748,1.87454938716655,-1.60978750804895,1.1000322855778677,18.31810654623922,-19.156668706659286,11.643035152251713,16.0384923817161,8.926191878595535,3.000648935362271,-0.3090223059963648,2.389145642887769,13.433844828174596,5.344535645599358,8.4,299.573227355399,16.89666666666667,18.37,9.690797507216153,6.74864290771773,1.4674487966456735
17.5,23.7966666666667,1.83186557608379,149.74,-0.00201101143884475,17.9222357229648,0.283085633404097,11.0602094240838,0.7136686862907027,-2.6028051975362843,4.53175178369154,1.1926018660254556,-1.93503800967518,3.061755068278732,-0.75633915508444,0.01617030770457717,-5.162400780599086,4.4157597776662065,3.7845169017725055,8.4,-67.67980425584153,18.25,21.97,1.6621671039300345,2.26887820753758,-2.015494453100917
17.5,23.79,2.9408745637446,152.9,-0.003502913816494188,-11.6434827408552,1.48200423429781,-2.41602828520921,0.2392807593093238,4.956515438001929,5.618114866552393,5.479333971317857,4.43974630021142,-2.996425325189056,2.2335818060502888,7.504801973499653,3.5799303430446017,-1.7681703358536138,-0.19000760874741118,8.9,53.1422847846132,18.772666666666666,22.863333333333333,-2.506143301141339,-2.25097069327822,-1.1641353312002798
17.5,23.3766666666667,2.19125492346812,157.4,-0.004690862045156237,-13.0612244897959,5.35465924895689,2.17391304347826,4.757940360145341,-10.164288271242938,10.700093764461105,2.5794278019237282,-6.34278002699054,-3.2339161817745934,1.806661639897733,4.331953299212188,6.732540541328014,-1.7352995959738604,0.7215687094081602,9.9,27.396652066035898,18.448666666666664,21.323333333333334,-4.992344682618377,-3.31664248557981,-1.7962966038597343
17.5,22.66,2.22477008269706,166.41,-0.004497054560091779,20.523138832998,1.25412541254125,-0.709219858156021,-3.867968770279262,9.44989637548197,5.3387032817385105,4.634461138940438,10.014409221902,-5.154234643549948,0.030530854679433617,-3.362695939032534,-1.7236666224796693,-2.3070894196591585,1.9774621802352677,8.53333333333333,-116.01356715388178,16.681333333333335,19.836666666666666,7.968630174217051,6.05515752102263,-1.6401339340089942
17.36,22.6466666666667,-0.369884262021197,167.63,-0.002636273107364839,19.2543127434614,-0.130378096479778,11.3095238095238,1.778987911268004,0.5287318926690432,16.89132090072807,2.304223901648328,-2.09561231172233,-3.915742918268289,0.584681997250236,-4.592205207499234,2.9717461309317628,-2.0989279658201854,1.0294764135783119,8.66666666666667,33.45435957148073,16.474666666666668,18.48,0.9513611510491238,1.37354459921746,-2.6669293172480018
15.96,21.5533333333333,3.92574850299399,177.8,-0.0048490343801364634,-14.0457302846477,1.43603133159268,-6.31016042780748,-1.1534800057248162,6.371411599253207,2.2810264993179175,5.035217434133088,4.48160535117053,-7.893838453091706,3.3749997861200143,6.710898167557566,6.1427243532222064,-2.5366581355808826,1.4667566993934678,9.53333333333333,24.593749307666535,15.59,17.3,-5.044759530334542,-4.10054767588822,-0.44535956264363347
15.25,21.2066666666667,2.80255364262829,163.88,-0.005287550637894764,-5.91748099891421,1.86615186615183,6.44977168949772,4.281085010673991,2.302751797732938,-37.03255721997554,7.832628811281239,-4.80153649167733,0.9602236015501253,2.0846123402259664,13.536399416969402,6.705445743225802,4.355924770025032,3.572092541887706,10.4333333333333,-21.551689637595395,17.25,18.19033333333333,-2.9907603115631787,-1.49584880877896,-2.4571482412492682
16.0,21.91,3.65878264768524,165.42,-0.005837976799279158,13.8488170802077,-0.758054327226785,-4.98659517426273,-2.0769667669796377,3.881427108588653,-8.653473593142902,1.7732135976498142,6.59045057162073,4.939135697173078,-3.613091705557281,-11.535973498236274,-13.272397900118804,9.153008983882295,8.80755116621419,8.73333333333333,20.79402825798038,19.916666666666668,21.823333333333334,9.495722981861654,7.07477048102133,2.955215025254629
16.75,23.1433333333333,0.815364318619311,173.9,-0.0025846104302463114,14.9011657374556,-2.80076384468488,9.0293453724605,2.034269225763552,6.769804765727372,2.0343674026681136,5.195477072944854,-7.50788643533124,-4.299062717409388,-1.8335776536734016,-4.039991046116853,-3.1699289261192476,-7.824496463287867,0.2798175864012542,9.4,-37.71855886295459,18.05666666666667,19.039,1.0330783324246973,2.06865215763323,-2.399693671632587
15.63,25.3933333333333,3.25438709400612,154.7,-0.0021907280123435856,-16.2329069254521,-8.84086444007858,-12.2153209109731,3.128051805808596,-1.6638997798288813,-30.199536943973726,8.876470596765529,-8.25375170532062,24.14900478662413,-2.572847265957634,-4.7699342214608365,-17.096094576377396,10.750343560200037,-2.0377962567245334,11.5333333333333,2.996478870193542,20.17,20.279,-4.965992428541011,-2.49126162368924,-5.1533236862052805
11.03,19.3333333333333,0.427998587189084,147.23,-0.0007231480722481953,-16.2717219589257,-8.76436781609196,3.24292452830189,6.165844634693229,2.7436893605653268,-4.791450654996332,2.418190693761346,-17.1747211895911,7.3099761221393775,-5.8307516345053045,4.156156193761973,-7.770912624677173,6.179075473079587,-1.3264100089374509,14.5333333333333,-43.06883042375178,16.306666666666665,14.835,-5.983588098340942,-2.53208434081263,-9.420176902424322
9.03,17.9866666666667,1.10474377805821,154.16,-0.001901398997843107,16.7924528301887,4.80314960629923,-3.54083380925185,3.155091909461305,3.839490871913398,38.93428726799107,0.7041301033762437,18.132854578097,-5.240933725928865,3.9288000665958833,-4.1971301482444545,5.990962285475199,-0.998065058354558,1.5052674490435791,12.9,-44.40426979298424,13.556666666666667,12.183333333333334,8.131949040158748,5.99850807116154,-1.2700303946604734
7.58,17.1133333333333,0.468580548791755,155.81,-0.000357416609046566,23.4787291330102,4.28249436513899,10.3019538188277,6.093525653698606,8.899383320832044,26.724859636300113,3.8952149588691753,0.759878419452878,-4.694129634811817,2.367513029673951,8.694260677556898,10.180643151986324,0.10071137606076919,0.3836706387343014,12.4,6.840272688440052,11.163333333333334,9.66,2.9982779239395185,2.93242773265686,-6.254090383818158
6.5,16.1633333333333,3.62525458248471,158.17,-0.001495514951362163,-9.94330571303964,3.60230547550431,-3.5426731078905,2.881902230592459,7.2998511038207425,7.795847961566693,5.1943322218306776,10.1809954751131,-0.8277047212068955,1.933543188961373,-1.3062707873217505,1.9618051470152054,2.606713580101516,1.9087639875440487,12.3333333333333,-7.72916743016463,10.013333333333334,8.756666666666666,-1.670339233411422,-2.05945017728523,-4.493179763688013
6.5,15.9066666666667,3.82861635220124,165.37,-0.0036715265839567177,-21.7433414043584,-0.208623087621697,2.39287701725098,3.183253748129289,-0.08881731234851031,7.328359148874863,2.990393078851028,-10.8829568788501,1.3570513938313433,-0.2954310022317941,-7.353126361197049,-2.400237451446152,-5.1439681324391024,3.191685870064287,13.3,-33.02416868705773,10.133333333333333,8.956666666666667,-2.206200930958424,-0.811312101497214,-5.019612955492175
6.5,15.8933333333333,1.03732868933143,169.2,-0.0034899103500536715,22.4009900990099,5.0871080139373,-0.108695652173901,0.7204891722512485,7.713189874707993,-2.492689576609397,4.632713181097969,14.6697388632873,1.9875817118510608,3.730261838777693,9.72659115704424,9.923204786522533,-6.292408104902081,3.211129705756832,10.5,-50.32628513842905,9.626666666666667,9.006666666666666,8.071417151700988,4.67486660774493,-1.226975153475534
6.375,15.76,-0.299760191846501,171.45,-0.00289897857861108,12.0323559150658,3.71352785145891,13.8193688792165,1.336681000794826,5.548257972822057,16.170364383718727,2.595532171318027,-0.401875418620247,-1.436314534220079,2.733012451368033,-3.6786570784288486,5.688512103373711,-0.23228870837037618,0.05522494784546694,10.3666666666667,116.43273434458621,8.68,8.186666666666667,0.6071475022032757,0.889307590973235,-1.8980835566682013
1.63044,13.5166666666667,2.71346963319297,167.29,-0.005035510718421308,-2.52707581227442,4.66751918158561,-8.17399617590825,1.4506761198749274,9.889662464635052,2.544558899077387,7.265042388879905,13.4498991257565,-3.524684955420798,2.9783916527318155,5.004758301794254,6.781699166065458,1.6038238724227272,2.1433696821191894,10.4333333333333,41.556888988776294,8.053333333333333,7.55,-1.483258857465053,-1.88847387753204,-5.95921304005579
1.5,12.13,0.847054518843753,155.39,-0.007147811475509592,-10.5555555555555,5.25351252290782,7.28787090057267,1.9808553960807274,-0.2866048437983437,-3.6587594069606766,4.275916286770354,-6.99466508595138,7.464485491772255,2.228834094187704,-0.8759527980163995,4.786324146657606,8.147855805497938,4.645591688339845,10.6333333333333,68.78421283302521,9.41,8.69,-0.230428980042241,0.455733794595961,-1.9879284993300106
1.5,14.18,2.53251818660097,151.72,-0.006648138572335985,15.5797101449275,0.406268136970341,-5.53129548762743,0.7825985925379086,8.350964444755604,-2.2062134326727545,4.355201627780758,10.4525175270873,-0.7594944010998361,2.7106193181639426,3.726845807122281,1.4595944416090134,4.41579383445313,2.0847232155388973,8.9,-110.984535677066,9.446666666666667,8.84,6.959354978917887,5.06777475508311,2.4531235626833032
5.0,14.9733333333333,0.15569985314673,138.75,-0.003842161645587991,11.1061352440662,3.69942196531795,12.9943502824859,1.0879190287042206,6.796175785285996,-5.95306200875676,3.639503595541882,-0.403923831506035,10.198334843566482,2.6241102306258313,13.735533885556706,-1.6562176486933922,8.329225914002713,1.7124542208751592,8.43333333333333,84.36795493453877,9.05,8.426666666666668,1.781210869878791,1.48056408855696,-0.6827064454744544
5.0,15.1366666666667,5.43925662903879,144.97,-0.004023165764266489,2.33776702942367,2.2853957636566,-2.36363636363637,0.5664734146659356,2.7434797208535144,-13.314047392463735,1.5661739084688264,9.96523754345303,5.927231556645607,1.3481829649469645,-4.535222937181871,-4.81082603552796,1.1284024209691323,3.951194023866478,8.6,-0.16209335493027055,10.023333333333333,10.55,-2.5100097352384942,-2.64066071823612,-4.808659433197841
5.0,18.87,2.04403042589551,152.11,-0.0047449755344793725,-20.4017329657345,-1.58038147138962,5.54003724394785,1.7227955133442663,-6.6570575561403444,17.85707576349198,-0.35418151445689716,-12.3814541622761,-2.2554010262802793,-0.8937558458104178,0.35223868355025445,2.534113370152724,-4.994237410133895,1.3159279488121456,9.33333333333333,-5.502042423297304,9.54,9.3,-3.9031004571299377,-2.50891849517909,-2.0594696233201404
5.0,18.9333333333333,1.53679440449215,154.64,-0.003361607725202635,14.3493320138545,2.15946843853821,-8.29289810322008,0.6718224841915088,8.765295832740705,-1.2886942766026976,3.261904274758365,10.7636800962117,0.4192946986903423,1.7127747765956158,11.900304827498864,3.169285808117195,-1.683431488076459,0.14424103862937798,7.7,-29.78544325222945,9.326666666666666,9.096666666666666,7.999128718245885,5.93319426802314,-0.10472462680975524
5.0,15.79,-0.185957763332387,155.0,-0.0007790002451686525,8.0484638684552,0.433604336043333,11.7364117364117,2.6024000940498837,4.6079564879345725,8.113609901346841,3.3046118513407663,-3.58306188925082,-0.11955831422447716,1.7494021965186235,0.34757851040971843,1.4587987996007357,-2.709565892414445,-0.6292997444311332,7.96666666666667,-70.91049659985558,7.836666666666667,7.516666666666667,0.3388093590115382,0.801592918406935,-1.6211776200678998
5.0,15.18,3.24007322565488,157.69,-0.0021472575259226744,1.16139367240691,0.701565029681625,-10.5897546276367,-0.2926484317022471,4.270567336036635,16.222589293618128,3.479348361189949,10.0788288288289,-0.5396482661301771,1.5901811771588115,-0.7874507238812001,-3.759359641392379,3.1327755393479872,2.003852703665565,8.73333333333333,36.67447166006568,6.78,6.3,-0.3008435357052086,0.335403229620252,-3.6979702141514674
4.5,14.92,2.46206474492759,160.49,-0.00374433724960436,-20.9817893903404,2.30439442658095,3.659123736158,1.6096917984942394,0.901186263307352,8.845555540404515,2.692451573771848,-10.5370843989769,-0.47296577504818416,2.887784841459151,-1.7607184862711733,8.510425465543747,1.32918565627701,0.4690266240069185,9.6,-2.683145192342984,6.3500000000000005,5.873333333333333,-2.9940794236542168,-1.79903195982815,-0.7952851631646924
3.5,14.85,1.31861063464834,153.73,-0.003533138465433116,19.188376753507,2.51440544787847,-2.4152345564329,0.7640016192862475,10.945848307504136,-10.861223443600476,5.570366117667902,12.9788450543167,2.9701389477466478,2.8935075346943506,7.462433056404905,5.548183888827296,1.8180605001713035,1.1368028475462033,8.33333333333333,1.3741035917584021,6.946666666666666,6.25,6.259196155719149,4.83694107135605,1.5143282471607065
3.5,15.26,1.05657753525705,144.01,-0.0010810468499714225,6.89365279529209,1.53295861011753,10.1380295097572,3.015904503102007,6.280526284515275,-3.3730746341566586,6.7633102038549,-2.22672064777331,6.833768893619185,1.455334595945601,-3.9602655607312798,-1.2606284515733535,8.189990663972967,2.60023907741207,8.93333333333333,42.8262094430802,9.193333333333333,8.986666666666666,-0.6534866795602667,0.16481542785099,-1.4673384350200702
3.5,16.15,2.44555462486546,141.34,-0.002713328211279913,-3.77506881635856,2.01308505284343,-5.61797752808987,-1.218185327895327,6.170624818944859,-9.232646981689285,5.0294002175380825,9.78260869565222,2.9462165104543914,0.19364186644121872,1.9705403395910537,-1.5335882569820214,5.734314031693821,2.0620235581081836,9.33333333333333,-6.984748811195374,9.216666666666667,8.97,-2.0214578129591487,-1.84162969109281,-3.2843783720605315
8.0,17.3,2.97119329546947,136.28,-0.0022388452574521596,-13.1998365345321,3.0093734583128,2.56410256410255,1.4758487802058795,-1.6862883959085195,2.4706282141913505,1.6731821594810015,-8.86374351720886,8.983514595486387,2.8597910212120325,5.837725150886008,-0.20482747487715613,9.646067406312042,5.366143286897618,10.1333333333333,-0.49447933290629464,10.356666666666667,10.77,-1.7602646551465817,-0.370723250616081,-0.5619739399881652
8.0,16.5133333333333,2.62314607378835,146.44,-0.0019436222512158774,7.86252354048965,-1.3409961685824,-1.74107142857146,-0.1422854461754497,5.162663981817417,12.865607826134795,2.04907892729409,7.55302638385926,-4.816842287368672,-1.6357113639159593,0.18728374375598378,-0.046399977231992295,-4.690527291538871,0.6993536579584791,8.73333333333333,-36.53042706367877,8.706666666666667,8.466666666666667,5.9747644072539075,4.55151735221051,0.05085188991903216
7.5,17.6233333333333,0.90499613131429,144.96,-8.73254083916782e-05,4.84504583151467,1.50485436893206,12.4943207632894,-0.050183333964781696,8.03726333597794,-5.62865625290927,5.338844830132317,-1.53920153920154,2.3340209368920894,2.4284572495337997,-0.582175641633853,1.0902657587090303,-1.010414780707114,1.1543586536391537,9.96666666666667,-44.10922857513153,9.013333333333334,8.996666666666666,-0.8458350253076397,0.527837859213436,-1.444920992473627
7.5,16.3033333333333,1.99915104544642,148.34,-0.002108130707545059,-4.4129891756869,0.62171209947396,-9.53150242326332,1.5643609057324426,0.3478972941316272,12.70760647221465,2.16296961134681,8.84220810942845,4.507015041515949,1.3385605588345229,-0.7007904312935409,1.6085971493467355,-1.5167137133704989,0.7173934636945489,10.7333333333333,46.694566457764886,7.963333333333334,7.9366666666666665,-1.6809694961922972,-0.944435322770435,-2.324595191609761
7.25,15.3333333333333,1.74651971379098,146.61,-0.0017048644874730883,-16.6811846689896,1.14068441064639,3.16964285714282,2.03767323460724,3.433877886071457,-4.358203337451361,5.22258395282833,-10.8168761220826,8.339949007887403,1.8730972331796991,3.7962590093526316,-0.8499455746914464,-1.9213191612516445,0.6398904125329175,11.3333333333333,46.56437909198434,7.836666666666667,7.993333333333333,-1.1615742483155778,-0.564950290590262,-1.368475431262945
7.25,13.6666666666667,2.88025121384843,138.71,-0.0015497236178998364,19.6027182435964,3.38345864661654,-2.16356555603629,1.6525806394739107,8.61912197966177,1.061813817902113,4.485759972013881,12.732762959235,8.142421910472697,1.5122766569009016,1.1094436494394344,-0.41126319304449765,6.144969867680294,3.329555226313108,9.36666666666667,-82.66369611336115,9.343333333333334,9.656666666666666,5.680057296581342,3.6555338308786,1.479249980452167
7.25,15.0,0.497595383135602,128.52,0.00037214399518913343,10.2709790209791,1.95454545454541,12.2069880583812,1.8284407946495662,9.002357570595976,-10.368754057120011,7.334588275411846,-4.82142857142854,6.405667078499711,1.3917834905342374,-0.4275671715872065,-0.33835731649070055,7.15628419307921,1.380605466364937,10.1,121.43712819678561,10.273333333333333,10.56,0.29178683758752655,1.13008546836732,-2.1811381634373808
7.25,15.6666666666667,2.81893240432345,138.74,-0.0009782515246766852,1.18906064209274,0.356665180561793,-5.83366180528181,0.4438975265021128,-2.286957152382385,-3.1224874107066647,-1.269554775526771,15.9474671669794,2.214235574419088,1.1601114522969525,-1.8387908377430762,1.0122830774962566,0.6545936547656339,0.06773583285193396,10.5333333333333,-83.86380936151676,10.233333333333333,10.396666666666667,-1.7598813280633507,-1.33379272874247,-1.9782375000779788
7.25,15.1833333333333,2.15583577421439,143.47,-0.0011568383811658511,-22.2483352918136,0.844069302532162,1.6743407283382,1.8256189816703738,1.99624377440486,14.91970759465051,2.566728391840911,-12.4190938511327,1.2790933655810965,0.3608860210022158,0.676296531865006,1.754158969443509,1.8164747358071054,-0.15679191083295407,10.8666666666667,-54.66684179726471,10.21,10.393333333333333,-0.8262783199594281,-0.375058760325028,-0.8099047578261692
7.25,14.8,1.29754947818582,142.44,-0.0014354061585220076,17.6322418136021,0.837004405286366,-0.288184438040355,1.117178801582952,7.865878689032613,-8.063835188033774,3.312141722989992,8.40646651270207,-1.7353602869429219,1.4207458539228668,-0.3031530227179502,4.560207811129224,0.7630314229057467,1.8380569508862799,9.4,28.945774619445874,9.086666666666666,8.946666666666667,5.197949979695959,3.63292585514808,0.5421917114286758
7.25,14.4166666666667,1.53999304364516,141.91,-0.00011700810312621247,-1.32762312633837,-2.14067278287464,8.25763831544178,2.141241872763544,1.043982136160082,-0.42921040419292567,3.1213681046732944,-11.8449083936941,2.2963596562794786,-2.9095946030082587,-7.587980276564643,-5.999550157609335,1.0754707875104907,1.1216963649638423,11.2666666666667,2.8565043309995097,9.286666666666667,8.836666666666666,-1.4243231780367793,0.614019682452957,-1.209533656319788
7.25,14.04,2.37063110523145,131.08,-0.0007483188049494277,12.5868055555556,4.1071428571429,-2.25019069412664,1.1946575453052333,9.63857245473072,2.135542621901898,7.783804485884005,23.2962783953601,10.191299010330335,5.363186841211487,11.290516975354592,1.0572075849019313,6.797143679726436,3.3764265327345555,12.1,50.45993843508923,10.446666666666667,10.04,-1.4984657902827436,-0.646798332094256,-3.139182745164033
7.25,14.45,4.66954354548391,127.21,-0.0010569020826321474,-18.3500385505012,1.62950257289878,3.31642606320724,3.0892379686545013,4.824426718744945,12.955139472810284,2.946453291875528,-11.7992943943552,11.874490777427038,1.3595809294256966,7.990503380979064,3.7249366645914606,10.582523609196182,7.681633848941427,12.7,-24.799882460015166,10.806666666666667,10.943333333333333,-0.40504472357438814,0.310050785863246,-2.7730013327489957
7.25,15.3333333333333,2.47698837017029,129.98,-0.0014082700366149497,19.2634560906515,3.50210970464133,-4.7960725075529,2.4483661225001896,5.006065428504769,12.151984755911815,4.543531428113212,7.95555555555557,-3.098271734387059,2.254708157478902,-1.5411435268465112,4.362639399926671,-0.018052219278241743,2.22437133423945,10.2,-16.181298251906284,10.476666666666667,10.92,5.530771539064716,2.77404791095024,-0.22584756029313807
7.25,15.5166666666667,0.683074804758964,128.26,-0.0005636639411721766,9.1844813935075,2.28291887484717,17.4137247124157,5.533569021192264,2.8197891290826504,2.427485091247128,3.042366421586351,0.741045697818006,-1.8940395156516576,1.5045433278260134,-1.847560473955312,5.607411571084242,4.831946503358653,1.5824481390808387,10.5333333333333,-58.56978912967277,10.863333333333333,11.393333333333333,1.1853991307498646,1.56370808678501,-0.8675261920920733
7.25,15.8533333333333,3.95525497612103,120.84,-0.001431605735115217,3.80710659898478,3.54722997210042,-7.2972972972973,2.254721471441812,3.6810415344184833,11.398821101017198,4.067356612722506,15.6109521863506,7.7785576062927575,1.8652565562032208,5.023099019680544,4.961169122933562,8.007266298194393,3.927506187480745,10.2666666666667,71.35939895376299,12.363333333333333,12.936666666666666,-1.0892628203122534,-1.30006525184103,-2.4342270058323288
7.25,15.9666666666667,2.81708958982107,119.37,-0.0019051661143737629,-18.2326231225987,-0.423402617397979,-0.874635568513096,2.749498088892466,0.0701630872107728,-0.35003488313609665,3.0260453236312657,-12.6193001060445,0.401249347409971,1.2593251529724014,0.32028629761899907,-0.06868829785400266,4.638136142353599,4.829435446458952,10.5333333333333,-41.26203607937873,12.216666666666667,13.023333333333333,-1.2336033868383112,-0.827021275256103,-2.916475651434663
16.25,18.5,4.81407437025191,110.58,-0.0014275307582948889,13.8829560017087,-0.850405875531523,-4.30147058823529,1.9470391577655732,13.25456073337854,-17.457300662383624,7.451727689611332,2.50809061488673,13.387451098611947,0.5867739391410609,3.818375892650394,-7.961562267187716,10.443210145119863,7.966781599950412,9.63333333333333,1.1744521869263558,14.863333333333333,16.393333333333334,3.3928416523657745,2.36811112980487,-1.948705039115167
22.5,27.9166666666667,6.61383230334933,90.01,0.0007073378549163963,4.42610652663169,-1.28654970760234,15.1363810987322,4.493423436626287,8.150027664535386,3.498985275474986,11.133188823487572,-3.7095501183899,24.788199589279447,-0.9657990141072048,6.6781855776813615,-12.281469856147176,22.23355732569385,12.888221271563793,11.1,-8.5264651654688,21.843333333333334,22.47,0.6168877947850149,2.21347746674977,-0.6390507767463652
22.5,30.75,6.50499592990494,108.95,0.0006128123012722769,-0.71839080459772,-4.93680884676143,-10.5772439105772,-0.14405920340152534,-9.160608730895703,-9.091794698279454,-4.130424653881093,6.88524590163931,-1.191214111221739,-3.50986948568881,-1.40413970214599,-9.10941646103609,-2.9826495042618806,7.245574655347564,12.3333333333333,61.257453942741336,17.78,20.616666666666667,-3.4898743171174473,-2.10729422329552,-2.3131749454689734
22.5,29.4033333333333,0.752542771473914,107.97,-3.217151300332843e-05,-18.4153400868307,2.36809306190278,0.74626865671641,6.247809856538211,12.193223218794813,2.7172119240741033,7.5124312448018316,-10.9662576687116,-2.881501835664091,1.5510826442609371,0.10047537664750195,-1.4841591062118908,-3.364783303214791,-1.3303209707665076,14.6666666666667,-31.744086766721136,16.076666666666668,18.663333333333334,-3.4499622771130944,-0.650507792767246,-3.938444954816736
22.5,27.5933333333333,3.10022591051944,103.62,0.00013636230440764366,14.7671840354767,0.892857142857101,-1.88888888888887,8.038613698519015,5.881653341424453,2.8393290078792432,3.27482303541089,4.90956072351419,9.138740815104306,2.245838458389038,1.8617797048177565,6.386894067412641,7.961665443358634,5.806580087676316,12.9,-26.058411268453074,19.463333333333335,21.673333333333332,3.297260810563518,1.10957912730993,-3.5786118688201354
15.0,23.8066666666667,2.61485470334251,109.79,0.001079570922720717,11.3601236476044,1.24698310539021,12.1177802944507,3.612329710436768,6.514493392933929,8.48870306460796,4.50051142175063,1.14942528735632,-3.468581726168063,0.5293649712484694,4.306126396842025,8.368757834627338,-4.433376049917248,-0.4137341855658505,14.1,15.311794194759454,14.983333333333333,15.013333333333334,0.9106273884068372,2.30803167874519,-0.577866152581598
10.5,20.8333333333333,3.48430408472015,109.16,9.486281727462971e-05,2.94934073560027,1.27135478744535,-9.7306397306397,7.42367994206532,9.79381660249743,8.56450000453064,7.917877398610784,11.8912337662338,1.9745088767255892,1.3264413173590839,-6.776720288928395,10.099293613744997,1.4699311544973837,0.23768234108825226,13.2666666666667,-39.37546507093215,12.05,11.853333333333333,-1.2710353899701765,-2.10427912306625,-3.523475813404423
8.25,12.22,2.41445474896067,105.25,-0.0006104938732482291,-22.3120997640715,0.902314633189526,3.54345393509886,6.8725640797950405,17.630010882275826,-24.407331566636348,9.214568213261032,-10.6637649619151,5.196339702283925,0.17694968145534062,0.8435666565764777,-4.384183104000172,4.8762851743267,2.862726419982753,13.5333333333333,73.19082292601777,11.773333333333333,11.12,-5.16909990686667,-4.62431306833584,-3.0961396629554105
6.75,11.2666666666667,2.66458495966693,100.31,-0.0010468827239535471,0.0867678958785359,-18.9346811819596,-15.4538904899136,19.60153393024484,25.657882801254672,26.225957138546274,11.264722243434022,-18.1892001624036,11.73956184990612,-11.331807416545558,-43.371337372758134,-21.576073816795294,11.563120631782532,2.862726419982753,12.8,-124.08973052188665,10.6,9.016666666666666,-3.4032796962867096,-4.15767715263872,-7.03758440002535
8.75,12.5233333333333,2.7149157427456,91.01,-0.00047379100539615205,25.3142609449502,30.599520383693,31.6574350234342,11.674887749511242,11.162244511385566,-1.7321434242085765,8.671972261454286,33.5980148883375,5.048105647333534,15.19626827170466,25.978928428198778,29.336122983634993,10.985951875797406,2.862726419982753,13.3333333333333,80.78674266857826,12.78,12.32,6.365889118809154,6.92340613384466,-2.0585067507865076
15.5,17.4166666666667,5.10370986618536,90.48,-0.0004144102484930088,5.77654790729852,3.19500550863019,-8.05825242718445,-4.191862128638135,-1.6152688686055683,25.420919008958,1.6183408462886462,13.5586924219911,8.683697937150136,1.4546774176274369,15.739835741330666,-4.32272710013244,10.668697997251453,2.862726419982753,12.9,-4.104924142499389,13.143333333333333,14.166666666666666,-1.7892539057291934,-2.19923603494573,-2.427156916977158
17.5,19.7166666666667,4.29442502867647,95.01,-0.0004751696981942779,-13.0477436232832,3.06049822064061,1.12636395635341,4.68759256776714,2.4781674474425586,-5.927583453696439,5.629445769049113,-9.51913640824341,-6.357321081602096,2.0135376459453624,3.611972341985492,-4.056266892845706,-5.224426444311225,2.862726419982753,13.5333333333333,-27.264419508724025,14.823333333333332,15.82,1.1988199591257853,2.04663663257217,1.0985951904645894
17.5,20.25,3.99153583442138,86.37,-0.00030992169809421704,11.7713426100038,2.03729281767954,-1.28785241907417,2.1519408876432777,10.218011213923361,-2.5757682029296625,6.720278878174568,4.48300795372379,12.617904447892414,1.6977391693883348,2.9690103313173566,-2.920015694182432,12.514435075353969,2.862726419982753,11.9,-28.271928310965233,17.886666666666667,17.69333333333333,3.7874862372713203,1.81674640392844,-2.840481343151728
16.5,20.0,4.62442403438782,91.28,0.00032942247353964224,6.83041722745621,2.33502538071066,16.8547249647391,4.419418704365796,5.627669417874159,3.623624201887665,5.930909289171993,1.1764705882353,1.8736605951010787,3.5825560037784143,1.940596983715892,0.9251732228777954,-0.2333996705733199,2.862726419982753,11.7333333333333,153.628150567714,17.333333333333332,17.80666666666667,4.140507229331458,4.09561500908758,-1.400913055840037
12.5,22.8333333333333,10.9061136661898,70.0,-7.017632806169051e-05,0.598425196850438,3.33994708994712,-10.1991550995776,10.734055924600483,36.616869209728975,27.828611047976093,24.610326291389484,16.9972640218878,26.90894130075452,1.5548082423814336,11.415753234023107,7.79130093302367,23.624968977578533,2.862726419982753,10.9666666666667,-90.89938504098791,21.37333333333333,19.746666666666666,0.554275179152075,-0.205587817283083,-5.810165574552554
12.5,23.8966666666667,28.2867209278774,78.47,-0.0006933791730722109,-13.149655604258,0.639999999999934,0.571236559139756,11.554302653279436,7.24886805589513,18.41680641937078,10.960745604835864,-11.4586378251973,22.141186943827805,0.21250796209120182,-0.8322658199729105,-2.6009379120662146,20.40512591634296,2.862726419982753,11.6333333333333,-42.51553821656433,24.066666666666666,22.15,-1.342188721912141,-0.638933756900634,0.9263355764188851
12.5,23.1,16.9374272893468,78.45,-0.0003253900685556451,4.75847152126895,1.71701112877583,-5.04510524557301,8.264006790918188,11.852251780868528,7.4219268260967475,12.030123029371964,5.64542753383955,12.514297011188225,1.4044897474414952,3.7606189230295684,1.1312904975508076,7.5109503363929075,2.862726419982753,10.1333333333333,106.989236601569,21.316666666666666,22.836666666666666,4.477169246975254,2.86334147653346,2.094680222629585
10.5,27.8333333333333,8.85146298566329,80.16,-0.00014819085509334623,-4.23262216104613,-4.59518599562363,11.576354679803,7.616418410746206,10.566143991892218,27.917847162779275,15.08877096493606,-5.40625,12.694957081128422,0.5407419770076416,-3.8584025883933393,6.479586234201307,7.049849449704215,2.862726419982753,10.1,-79.49298748698882,14.0,16.766666666666666,1.2754537535742294,1.25057694217725,-3.0958067986745883
7.5,33.3333333333333,8.62196718207845,81.52,-0.0002225699526258147,6.03665109593968,2.52293577981655,-12.7719962157048,9.17761250468736,9.234768845896468,54.953410931933,9.363414033960638,14.8331681532871,3.712330587225532,1.1419974552696388,-2.7898930898096808,4.380824799886973,4.8606878804492215,2.862726419982753,10.0666666666667,31.775526074020455,9.35,11.586666666666668,1.2606582419934398,1.23397662455316,-2.0448859455882955
7.0,38.0,11.6251115632071,89.01,-0.0004996558243098772,-19.4171467299221,-0.735059124320902,1.51843817787416,15.888478241140547,10.662692618464575,-13.510611518066007,10.006002795147495,-12.4280782508631,1.3603130139957287,0.10110699443686144,-0.7325121833746451,1.6830066325651316,6.4257053800457875,2.862726419982753,10.4,-47.36996630214891,10.023333333333333,10.66,-2.2430217960973664,-1.84308025535796,-5.784662544733487
16.0,45.3333333333333,6.39833519986215,77.01,-0.00019647360688969116,4.66778805719096,3.67031551835158,-3.73931623931622,14.255410248324196,19.059040692781082,17.947690260868754,18.110301843385557,2.46386333771353,9.10444759711555,3.920222381730376,-0.8283568050760692,4.226204941969947,10.508828579074159,2.862726419982753,9.26666666666667,28.678400324009612,14.796666666666667,13.93,2.0892022040431613,0.801363479311176,-3.8423997149186593
28.5,53.6333333333333,21.0756965055171,82.98,-2.5600142365605635e-05,21.6954600241061,0.652173913043478,23.6034036256012,10.463989525578299,6.698333733731232,36.967336873614975,12.922327575302361,5.19397242705996,25.973738149790428,0.23885816164099793,4.634416222409854,1.2229176770441441,26.047843829428263,2.862726419982753,9.26666666666667,-31.592996432089926,21.586666666666666,20.25,1.6835101834884902,1.7167233627039,-0.31397198967941337
41.0,68.3333333333333,13.1614418654223,82.84,-5.322052397668453e-05,2.41003631561572,-1.60444307312555,-14.7859922178989,11.530320983472464,6.0208453029062525,-10.95372223766038,9.919738054890814,8.41206949100883,6.10441926580898,1.1602247010664257,-2.9847713673269993,-4.120299786115211,4.85080089889296,2.862726419982753,8.63333333333333,70.18888971435172,26.613333333333333,34.99666666666666,-0.06774845912875804,-0.753257271339693,-9.941318191703735
47.0,73.1733333333333,14.4484108003893,87.23,-0.00010673669701425769,-12.0245003223727,2.91627469426152,6.00632244467861,10.720307634040083,14.66197020765172,20.200383781436138,4.87950752560522,-10.4020241776779,8.110620188767959,0.9706831074490552,3.50594025448121,-4.047225370034013,9.107789147739886,2.862726419982753,9.26666666666667,-53.696989264520845,28.04,40.51,-0.022176515785510276,0.62658179089402,-6.896292559283564
47.0,75.0,9.86337752950035,93.0,-5.067828268845102e-05,-0.513008427995594,-3.7781840341255,-4.7713717693837,8.55929904161421,-0.08974012668012676,15.244069571126317,6.546390255645562,-6.52651396297457,4.53845555648269,-0.19615000772645885,-4.174973374600732,0.7860624847021214,3.7240133371839512,2.862726419982753,8.33333333333333,27.862867465706564,30.10333333333333,38.86666666666667,2.1120308328154813,1.1560415006706,-1.0226668719049938
47.0,72.3333333333333,8.29769234384547,94.11,6.798080111048239e-05,12.5966850828729,-0.949968334388853,21.1899791231733,11.689542265903796,11.17320056537352,-9.677181579206362,7.504991048309151,6.47868412218864,3.494173781329435,-0.06707634865072976,3.0707457571145014,-1.1549501817603058,5.371101124965882,2.862726419982753,8.8,-22.003451039101307,29.763333333333332,38.266666666666666,0.8991253587880443,1.38529934463175,-3.0025489513754424
46.0,63.6666666666667,7.69081588369323,100.76,-5.0278214160130705e-05,-2.78050376185802,3.38874680306902,-10.077519379845,12.565832685333689,2.2654795474476686,1.6904088026803876,6.31336225411907,14.1551071878941,3.051081610349149,1.6738139737830338,-3.374264102432889,5.036631093544486,0.31798002247858115,2.862726419982753,8.53333333333333,55.50652747653437,31.386666666666667,37.85,-1.0193973164125403,-1.30416270376678,-8.85317082512264
41.0,64.1666666666667,9.03447937143998,102.55,-0.00011296844962545507,-9.99327052489908,1.70068027210881,1.21328224776506,14.792063996474525,14.749180380922056,-1.7556084452536425,12.306833215013668,-14.4159072079536,4.726179213475712,0.9832704324674424,3.856897374396162,-1.1119677651462823,3.15689273171067,2.862726419982753,8.53333333333333,-26.90475577601754,31.066666666666666,38.11,-1.0193973164125403,-1.30416270376678,-6.5473416571154885
44.5,61.6666666666667,7.01136162825752,97.42,-8.104783902959458e-05,-9.99327052489908,1.70068027210881,1.21328224776506,13.300865021798813,8.413199362837176,2.948297466553562,6.804698069950987,-14.4159072079536,6.740127351728775,0.9832704324674424,3.856897374396162,-1.1119677651462823,14.240937272057685,2.862726419982753,8.53333333333333,15.881970267236412,34.87,40.983333333333334,-1.0193973164125403,-1.30416270376678,-1.604885855563333
